2026-08-10 20:09:50,604 | INFO |__main__ | 442 | Generating all Datasets....
2026-08-10 20:09:50,605 | INFO |__main__ | 149 | Generating Categories.....
2026-08-10 20:09:50,610 | INFO |__main__ | 174 | Generated 10 categories
2026-08-10 20:09:50,610 | INFO |__main__ | 175 | Categories data set generated succesfully
2026-08-10 20:09:50,610 | INFO |__main__ | 176 | Returning Categories Data set....
2026-08-10 20:09:50,611 | INFO |__main__ | 80 | Generating Companies...
2026-08-10 20:09:50,825 | INFO |__main__ | 125 | 
Company Type Distribution:
company_type
Buyer       350
Supplier    150
Name: count, dtype: int64
2026-08-10 20:09:50,827 | INFO |__main__ | 135 | Generated 500 company records successfully!
2026-08-10 20:09:50,827 | INFO |__main__ | 191 | Generating Customers.....
2026-08-10 20:09:53,696 | DEBUG |__main__ | 236 | 
Customers per company:
count    350.000000
mean      45.111429
std       20.752095
min       10.000000
25%       26.000000
50%       45.500000
75%       62.000000
max       80.000000
dtype: float64
2026-08-10 20:09:53,717 | INFO |__main__ | 254 | Generated 15789 customers
2026-08-10 20:09:53,718 | INFO |__main__ | 255 | Customers data set generated succesfully
2026-08-10 20:09:53,719 | INFO |__main__ | 256 | Returning Customers Data set....
2026-08-10 20:09:53,731 | INFO |__main__ | 267 | Generating Products......
2026-08-10 20:09:53,746 | INFO |__main__ | 302 | Starting data validation
2026-08-10 20:09:53,752 | INFO |__main__ | 309 | Generated 96 products
2026-08-10 20:09:53,753 | INFO |__main__ | 310 | Products data set generated succesfully
2026-08-10 20:09:53,753 | INFO |__main__ | 311 | Returning Products Data set....
2026-08-10 20:09:53,753 | INFO |__main__ | 327 | Generating Suppliers.....
2026-08-10 20:09:53,886 | INFO |__main__ | 368 | Generated 150 suppliers
2026-08-10 20:09:53,886 | INFO |__main__ | 369 | Suppliers data set generated succesfully
2026-08-10 20:09:53,886 | INFO |__main__ | 370 | Returning Suppliers Data set....
2026-08-10 20:09:53,887 | INFO |__main__ | 384 | Generating Supplier Product Mapping.....
2026-08-10 20:09:53,909 | INFO |__main__ | 429 | Generated 325 suppliers_product_mappings
2026-08-10 20:09:53,909 | INFO |__main__ | 430 | suppliers_product_mapping data set generated succesfully
2026-08-10 20:09:53,909 | INFO |__main__ | 431 | Returning suppliers_product_mapping Data set....
2026-08-10 20:09:53,910 | INFO |__main__ | 450 | Returning all Datasets....
2026-08-10 20:09:53,910 | INFO |python.generators.load_to_sqlserver | 11 | Loading datasets into SQL Server...
2026-08-10 20:09:53,911 | INFO |python.generators.load_to_sqlserver | 30 | Loading companies into Companies
2026-08-10 20:09:54,288 | INFO |python.generators.load_to_sqlserver | 30 | Loading categories into Categories
2026-08-10 20:09:54,305 | INFO |python.generators.load_to_sqlserver | 30 | Loading customers into Customers
2026-08-10 20:09:55,633 | INFO |python.generators.load_to_sqlserver | 30 | Loading products into Products
2026-08-10 20:09:55,681 | INFO |python.generators.load_to_sqlserver | 30 | Loading suppliers into Suppliers
2026-08-10 20:09:55,708 | INFO |python.generators.load_to_sqlserver | 30 | Loading supplier_product_mapping into Supplier_Product_Mapping
2026-08-10 20:09:55,744 | INFO |python.generators.load_to_sqlserver | 44 | All available datasets loaded successfully
2026-08-10 20:10:00,634 | INFO |__main__ | 102 | Generating Marketing Leads...
2026-08-10 20:10:13,042 | INFO |__main__ | 150 | 
marketing_leads Type Distribution:
funnel_stage
New            17450
Contacted      12569
Qualified       7569
Proposal        4980
Negotiation     3964
Won             1987
Lost            1481
Name: count, dtype: int64
2026-08-10 20:10:13,076 | INFO |__main__ | 161 | Generated 50000 marketing leads records successfully!
2026-08-10 20:10:13,076 | INFO |__main__ | 162 | 
Industry Distribution:
industry
Technology       5085
Retail           5081
Hospitality      5057
Manufacturing    4993
Finance          4979
Education        4978
Logistics        4974
Healthcare       4968
Construction     4959
Energy           4926
Name: count, dtype: int64
2026-08-10 20:10:13,105 | INFO |__main__ | 422 | Generating Web Logs...
2026-08-10 20:10:29,356 | INFO |__main__ | 473 | Succefully generated weblogs : 75000
2026-08-10 20:10:29,384 | INFO |__main__ | 536 | Fetching required datasets to generate orders and order_items
2026-08-10 20:10:29,759 | INFO |__main__ | 177 | Generating Orders...
2026-08-10 20:10:32,273 | INFO |__main__ | 291 | Orders generation successfull, total no. of orders = 31987
2026-08-10 20:10:32,308 | INFO |__main__ | 300 | Generated 30000 legacy customer orders and 1987 lead-originated orders.
2026-08-10 20:10:32,308 | INFO |__main__ | 301 | orders data set generated succesfully
2026-08-10 20:10:32,309 | INFO |__main__ | 303 | Orders with Lead Attribution: 1987
2026-08-10 20:10:32,311 | INFO |__main__ | 305 | Legacy Customer Orders: 30000
2026-08-10 20:10:32,311 | INFO |__main__ | 307 | Returning Orders Data set....
2026-08-10 20:10:32,327 | INFO |__main__ | 320 | Generating Order Items Leads...
2026-08-10 20:10:34,772 | INFO |__main__ | 373 | Generated 95808 order_items_dataset
2026-08-10 20:10:34,772 | INFO |__main__ | 374 | order items dataset generated succesfully
2026-08-10 20:10:34,772 | INFO |__main__ | 375 | Returning Order Items Dataset....
2026-08-10 20:10:34,797 | INFO |__main__ | 394 | Populating order total in orders table by summing up line totals of order items
2026-08-10 20:10:34,860 | INFO |__main__ | 409 | Order totals populated successfully
2026-08-10 20:10:34,861 | INFO |__main__ | 545 | Returning all Datasets....
2026-08-10 20:10:34,865 | INFO |python.generators.load_to_sqlserver | 11 | Loading datasets into SQL Server...
2026-08-10 20:10:34,866 | INFO |python.generators.load_to_sqlserver | 30 | Loading orders into Orders
2026-08-10 20:10:36,744 | INFO |python.generators.load_to_sqlserver | 30 | Loading order_items into Order_Items
2026-08-10 20:10:43,593 | INFO |python.generators.load_to_sqlserver | 44 | All available datasets loaded successfully
2026-08-10 20:10:43,594 | INFO |__main__ | 489 | Loading Marketing Dataset to File.csv........
2026-08-10 20:10:44,032 | INFO |__main__ | 491 | Successfully loaded Marketing Leads Dataset to File
2026-08-10 20:10:44,033 | INFO |__main__ | 497 | Loading Web Logs Dataset to File.csv........
2026-08-10 20:10:44,618 | INFO |__main__ | 499 | Successfully loaded Web logs Dataset to File
2026-08-10 20:10:49,385 | INFO |python.utils.pipeline_utils | 72 | [sql_server_pipeline] run started, run_id = 259f80a89dba40158aa299f154c78ec9
2026-08-10 20:10:49,392 | INFO |python.utils.pipeline_utils | 24 | sql_server_pipeline last watermark = None
2026-08-10 20:10:49,486 | INFO |__main__ | 36 | sql_server_pipeline extracted 500 rows from companies
2026-08-10 20:10:49,657 | INFO |__main__ | 36 | sql_server_pipeline extracted 15789 rows from customers
2026-08-10 20:10:49,663 | INFO |__main__ | 36 | sql_server_pipeline extracted 10 rows from categories
2026-08-10 20:10:49,670 | INFO |__main__ | 36 | sql_server_pipeline extracted 150 rows from suppliers
2026-08-10 20:10:49,678 | INFO |__main__ | 36 | sql_server_pipeline extracted 96 rows from products
2026-08-10 20:10:49,686 | INFO |__main__ | 36 | sql_server_pipeline extracted 325 rows from supplier_product_mapping
2026-08-10 20:10:50,019 | INFO |__main__ | 36 | sql_server_pipeline extracted 31987 rows from orders
2026-08-10 20:10:51,272 | INFO |__main__ | 36 | sql_server_pipeline extracted 95808 rows from order_items
2026-08-10 20:10:51,389 | INFO |__main__ | 65 | Loading companies into companies
2026-08-10 20:10:51,436 | INFO |__main__ | 75 | [sql_server_pipeline] loaded 500 rows into staging.companies
2026-08-10 20:10:51,437 | INFO |__main__ | 65 | Loading categories into categories
2026-08-10 20:10:51,446 | INFO |__main__ | 75 | [sql_server_pipeline] loaded 10 rows into staging.categories
2026-08-10 20:10:51,446 | INFO |__main__ | 65 | Loading customers into customers
2026-08-10 20:10:52,541 | INFO |__main__ | 75 | [sql_server_pipeline] loaded 15789 rows into staging.customers
2026-08-10 20:10:52,541 | INFO |__main__ | 65 | Loading products into products
2026-08-10 20:10:52,560 | INFO |__main__ | 75 | [sql_server_pipeline] loaded 96 rows into staging.products
2026-08-10 20:10:52,560 | INFO |__main__ | 65 | Loading suppliers into suppliers
2026-08-10 20:10:52,581 | INFO |__main__ | 75 | [sql_server_pipeline] loaded 150 rows into staging.suppliers
2026-08-10 20:10:52,581 | INFO |__main__ | 65 | Loading supplier_product_mapping into supplier_product_mapping
2026-08-10 20:10:52,619 | INFO |__main__ | 75 | [sql_server_pipeline] loaded 325 rows into staging.supplier_product_mapping
2026-08-10 20:10:52,619 | INFO |__main__ | 65 | Loading orders into orders
2026-08-10 20:10:55,037 | INFO |__main__ | 75 | [sql_server_pipeline] loaded 31987 rows into staging.orders
2026-08-10 20:10:55,038 | INFO |__main__ | 65 | Loading order_items into order_items
2026-08-10 20:11:00,879 | INFO |__main__ | 75 | [sql_server_pipeline] loaded 95808 rows into staging.order_items
2026-08-10 20:11:00,880 | INFO |__main__ | 77 | All available datasets loaded successfully
2026-08-10 20:11:00,888 | INFO |python.utils.pipeline_utils | 48 | sql_server_pipeline watermark updated = 2026-08-10 00:00:00
2026-08-10 20:11:00,902 | ERROR |python.utils.pipeline_utils | 109 | Error updating logs on pipeline run end (psycopg2.errors.CheckViolation) new row for relation "pipeline_run_log" violates check constraint "ck_pipeline_run_log_status"
DETAIL:  Failing row contains (259f80a89dba40158aa299f154c78ec9, sql_server_pipeline, 2026-08-10 20:10:49.237375, 2026-08-10 20:11:00.889391, 144665, 144665, 2026-08-10 00:00:00, completed, null).

[SQL: 
                UPDATE metadata.pipeline_run_log
                SET run_ended_at   = %(ended_at)s,
                    rows_extracted = %(rows_extracted)s,
                    rows_loaded    = %(rows_loaded)s,
                    watermark_used = %(watermark_used)s,
                    status         = %(status)s,
                    error_message  = %(error_message)s
                WHERE run_id = %(run_id)s
            ]
[parameters: {'ended_at': datetime.datetime(2026, 8, 10, 20, 11, 0, 889391), 'rows_extracted': 144665, 'rows_loaded': 144665, 'watermark_used': Timestamp('2026-08-10 00:00:00'), 'status': 'completed', 'error_message': None, 'run_id': '259f80a89dba40158aa299f154c78ec9'}]
(Background on this error at: https://sqlalche.me/e/20/gkpj)
Traceback (most recent call last):
  File "C:\Users\Kazim Raza\AppData\Roaming\Python\Python310\site-packages\sqlalchemy\engine\base.py", line 1967, in _exec_single_context
    self.dialect.do_execute(
  File "C:\Users\Kazim Raza\AppData\Roaming\Python\Python310\site-packages\sqlalchemy\engine\default.py", line 952, in do_execute
    cursor.execute(statement, parameters)
psycopg2.errors.CheckViolation: new row for relation "pipeline_run_log" violates check constraint "ck_pipeline_run_log_status"
DETAIL:  Failing row contains (259f80a89dba40158aa299f154c78ec9, sql_server_pipeline, 2026-08-10 20:10:49.237375, 2026-08-10 20:11:00.889391, 144665, 144665, 2026-08-10 00:00:00, completed, null).


The above exception was the direct cause of the following exception:

Traceback (most recent call last):
  File "D:\Courses\Data Engineer\Internship_DataRopes\DE-Internship-Project\B2B-Data-Engineering-Platform\python\utils\pipeline_utils.py", line 85, in log_run_end
    conn.execute(
  File "C:\Users\Kazim Raza\AppData\Roaming\Python\Python310\site-packages\sqlalchemy\engine\base.py", line 1419, in execute
    return meth(
  File "C:\Users\Kazim Raza\AppData\Roaming\Python\Python310\site-packages\sqlalchemy\sql\elements.py", line 527, in _execute_on_connection
    return connection._execute_clauseelement(
  File "C:\Users\Kazim Raza\AppData\Roaming\Python\Python310\site-packages\sqlalchemy\engine\base.py", line 1641, in _execute_clauseelement
    ret = self._execute_context(
  File "C:\Users\Kazim Raza\AppData\Roaming\Python\Python310\site-packages\sqlalchemy\engine\base.py", line 1846, in _execute_context
    return self._exec_single_context(
  File "C:\Users\Kazim Raza\AppData\Roaming\Python\Python310\site-packages\sqlalchemy\engine\base.py", line 1986, in _exec_single_context
    self._handle_dbapi_exception(
  File "C:\Users\Kazim Raza\AppData\Roaming\Python\Python310\site-packages\sqlalchemy\engine\base.py", line 2363, in _handle_dbapi_exception
    raise sqlalchemy_exception.with_traceback(exc_info[2]) from e
  File "C:\Users\Kazim Raza\AppData\Roaming\Python\Python310\site-packages\sqlalchemy\engine\base.py", line 1967, in _exec_single_context
    self.dialect.do_execute(
  File "C:\Users\Kazim Raza\AppData\Roaming\Python\Python310\site-packages\sqlalchemy\engine\default.py", line 952, in do_execute
    cursor.execute(statement, parameters)
sqlalchemy.exc.IntegrityError: (psycopg2.errors.CheckViolation) new row for relation "pipeline_run_log" violates check constraint "ck_pipeline_run_log_status"
DETAIL:  Failing row contains (259f80a89dba40158aa299f154c78ec9, sql_server_pipeline, 2026-08-10 20:10:49.237375, 2026-08-10 20:11:00.889391, 144665, 144665, 2026-08-10 00:00:00, completed, null).

[SQL: 
                UPDATE metadata.pipeline_run_log
                SET run_ended_at   = %(ended_at)s,
                    rows_extracted = %(rows_extracted)s,
                    rows_loaded    = %(rows_loaded)s,
                    watermark_used = %(watermark_used)s,
                    status         = %(status)s,
                    error_message  = %(error_message)s
                WHERE run_id = %(run_id)s
            ]
[parameters: {'ended_at': datetime.datetime(2026, 8, 10, 20, 11, 0, 889391), 'rows_extracted': 144665, 'rows_loaded': 144665, 'watermark_used': Timestamp('2026-08-10 00:00:00'), 'status': 'completed', 'error_message': None, 'run_id': '259f80a89dba40158aa299f154c78ec9'}]
(Background on this error at: https://sqlalche.me/e/20/gkpj)
2026-08-10 20:11:05,688 | INFO |python.utils.pipeline_utils | 72 | [web_logs_pipeline] run started, run_id = cd830db6354d4ca380fee12a7cc5dda8
2026-08-10 20:11:05,688 | INFO |__main__ | 19 | Extraction Started................
2026-08-10 20:11:06,103 | INFO |__main__ | 23 | Succesfully extracted Marketing leads dataset
2026-08-10 20:11:06,103 | INFO |__main__ | 24 | web_logs_pipeline extracted 75000 rows from Source 2
2026-08-10 20:11:06,193 | INFO |__main__ | 36 | Loading Started...........
2026-08-10 20:11:11,800 | INFO |__main__ | 49 | [web_logs_pipeline] loaded 75000 rows into staging.web_logs
2026-08-10 20:11:11,805 | ERROR |python.utils.pipeline_utils | 109 | Error updating logs on pipeline run end (psycopg2.errors.CheckViolation) new row for relation "pipeline_run_log" violates check constraint "ck_pipeline_run_log_status"
DETAIL:  Failing row contains (cd830db6354d4ca380fee12a7cc5dda8, web_logs_pipeline, 2026-08-10 20:11:05.611754, 2026-08-10 20:11:11.801673, 75000, 75000, null, completed, null).

[SQL: 
                UPDATE metadata.pipeline_run_log
                SET run_ended_at   = %(ended_at)s,
                    rows_extracted = %(rows_extracted)s,
                    rows_loaded    = %(rows_loaded)s,
                    watermark_used = %(watermark_used)s,
                    status         = %(status)s,
                    error_message  = %(error_message)s
                WHERE run_id = %(run_id)s
            ]
[parameters: {'ended_at': datetime.datetime(2026, 8, 10, 20, 11, 11, 801673), 'rows_extracted': 75000, 'rows_loaded': 75000, 'watermark_used': None, 'status': 'completed', 'error_message': None, 'run_id': 'cd830db6354d4ca380fee12a7cc5dda8'}]
(Background on this error at: https://sqlalche.me/e/20/gkpj)
Traceback (most recent call last):
  File "C:\Users\Kazim Raza\AppData\Roaming\Python\Python310\site-packages\sqlalchemy\engine\base.py", line 1967, in _exec_single_context
    self.dialect.do_execute(
  File "C:\Users\Kazim Raza\AppData\Roaming\Python\Python310\site-packages\sqlalchemy\engine\default.py", line 952, in do_execute
    cursor.execute(statement, parameters)
psycopg2.errors.CheckViolation: new row for relation "pipeline_run_log" violates check constraint "ck_pipeline_run_log_status"
DETAIL:  Failing row contains (cd830db6354d4ca380fee12a7cc5dda8, web_logs_pipeline, 2026-08-10 20:11:05.611754, 2026-08-10 20:11:11.801673, 75000, 75000, null, completed, null).


The above exception was the direct cause of the following exception:

Traceback (most recent call last):
  File "D:\Courses\Data Engineer\Internship_DataRopes\DE-Internship-Project\B2B-Data-Engineering-Platform\python\utils\pipeline_utils.py", line 85, in log_run_end
    conn.execute(
  File "C:\Users\Kazim Raza\AppData\Roaming\Python\Python310\site-packages\sqlalchemy\engine\base.py", line 1419, in execute
    return meth(
  File "C:\Users\Kazim Raza\AppData\Roaming\Python\Python310\site-packages\sqlalchemy\sql\elements.py", line 527, in _execute_on_connection
    return connection._execute_clauseelement(
  File "C:\Users\Kazim Raza\AppData\Roaming\Python\Python310\site-packages\sqlalchemy\engine\base.py", line 1641, in _execute_clauseelement
    ret = self._execute_context(
  File "C:\Users\Kazim Raza\AppData\Roaming\Python\Python310\site-packages\sqlalchemy\engine\base.py", line 1846, in _execute_context
    return self._exec_single_context(
  File "C:\Users\Kazim Raza\AppData\Roaming\Python\Python310\site-packages\sqlalchemy\engine\base.py", line 1986, in _exec_single_context
    self._handle_dbapi_exception(
  File "C:\Users\Kazim Raza\AppData\Roaming\Python\Python310\site-packages\sqlalchemy\engine\base.py", line 2363, in _handle_dbapi_exception
    raise sqlalchemy_exception.with_traceback(exc_info[2]) from e
  File "C:\Users\Kazim Raza\AppData\Roaming\Python\Python310\site-packages\sqlalchemy\engine\base.py", line 1967, in _exec_single_context
    self.dialect.do_execute(
  File "C:\Users\Kazim Raza\AppData\Roaming\Python\Python310\site-packages\sqlalchemy\engine\default.py", line 952, in do_execute
    cursor.execute(statement, parameters)
sqlalchemy.exc.IntegrityError: (psycopg2.errors.CheckViolation) new row for relation "pipeline_run_log" violates check constraint "ck_pipeline_run_log_status"
DETAIL:  Failing row contains (cd830db6354d4ca380fee12a7cc5dda8, web_logs_pipeline, 2026-08-10 20:11:05.611754, 2026-08-10 20:11:11.801673, 75000, 75000, null, completed, null).

[SQL: 
                UPDATE metadata.pipeline_run_log
                SET run_ended_at   = %(ended_at)s,
                    rows_extracted = %(rows_extracted)s,
                    rows_loaded    = %(rows_loaded)s,
                    watermark_used = %(watermark_used)s,
                    status         = %(status)s,
                    error_message  = %(error_message)s
                WHERE run_id = %(run_id)s
            ]
[parameters: {'ended_at': datetime.datetime(2026, 8, 10, 20, 11, 11, 801673), 'rows_extracted': 75000, 'rows_loaded': 75000, 'watermark_used': None, 'status': 'completed', 'error_message': None, 'run_id': 'cd830db6354d4ca380fee12a7cc5dda8'}]
(Background on this error at: https://sqlalche.me/e/20/gkpj)
2026-08-10 20:11:11,810 | INFO |__main__ | 94 | web_logs_pipeline completed
2026-08-10 20:11:15,969 | INFO |python.utils.pipeline_utils | 72 | [marketing_leads_pipeline] run started, run_id = 82a66cefc8124d1492520440aeeff052
2026-08-10 20:11:15,969 | INFO |__main__ | 18 | Extraction started......
2026-08-10 20:11:16,243 | INFO |__main__ | 22 | Succesfully extracted Marketing leads dataset
2026-08-10 20:11:16,243 | INFO |__main__ | 23 | marketing_leads_pipeline extracted 50000 rows from Source 2
2026-08-10 20:11:20,372 | INFO |__main__ | 48 | [marketing_leads_pipeline] loaded 50000 rows into staging.marketing_leads
2026-08-10 20:11:20,377 | ERROR |python.utils.pipeline_utils | 109 | Error updating logs on pipeline run end (psycopg2.errors.CheckViolation) new row for relation "pipeline_run_log" violates check constraint "ck_pipeline_run_log_status"
DETAIL:  Failing row contains (82a66cefc8124d1492520440aeeff052, marketing_leads_pipeline, 2026-08-10 20:11:15.908115, 2026-08-10 20:11:20.373212, 50000, 50000, null, completed, null).

[SQL: 
                UPDATE metadata.pipeline_run_log
                SET run_ended_at   = %(ended_at)s,
                    rows_extracted = %(rows_extracted)s,
                    rows_loaded    = %(rows_loaded)s,
                    watermark_used = %(watermark_used)s,
                    status         = %(status)s,
                    error_message  = %(error_message)s
                WHERE run_id = %(run_id)s
            ]
[parameters: {'ended_at': datetime.datetime(2026, 8, 10, 20, 11, 20, 373212), 'rows_extracted': 50000, 'rows_loaded': 50000, 'watermark_used': None, 'status': 'completed', 'error_message': None, 'run_id': '82a66cefc8124d1492520440aeeff052'}]
(Background on this error at: https://sqlalche.me/e/20/gkpj)
Traceback (most recent call last):
  File "C:\Users\Kazim Raza\AppData\Roaming\Python\Python310\site-packages\sqlalchemy\engine\base.py", line 1967, in _exec_single_context
    self.dialect.do_execute(
  File "C:\Users\Kazim Raza\AppData\Roaming\Python\Python310\site-packages\sqlalchemy\engine\default.py", line 952, in do_execute
    cursor.execute(statement, parameters)
psycopg2.errors.CheckViolation: new row for relation "pipeline_run_log" violates check constraint "ck_pipeline_run_log_status"
DETAIL:  Failing row contains (82a66cefc8124d1492520440aeeff052, marketing_leads_pipeline, 2026-08-10 20:11:15.908115, 2026-08-10 20:11:20.373212, 50000, 50000, null, completed, null).


The above exception was the direct cause of the following exception:

Traceback (most recent call last):
  File "D:\Courses\Data Engineer\Internship_DataRopes\DE-Internship-Project\B2B-Data-Engineering-Platform\python\utils\pipeline_utils.py", line 85, in log_run_end
    conn.execute(
  File "C:\Users\Kazim Raza\AppData\Roaming\Python\Python310\site-packages\sqlalchemy\engine\base.py", line 1419, in execute
    return meth(
  File "C:\Users\Kazim Raza\AppData\Roaming\Python\Python310\site-packages\sqlalchemy\sql\elements.py", line 527, in _execute_on_connection
    return connection._execute_clauseelement(
  File "C:\Users\Kazim Raza\AppData\Roaming\Python\Python310\site-packages\sqlalchemy\engine\base.py", line 1641, in _execute_clauseelement
    ret = self._execute_context(
  File "C:\Users\Kazim Raza\AppData\Roaming\Python\Python310\site-packages\sqlalchemy\engine\base.py", line 1846, in _execute_context
    return self._exec_single_context(
  File "C:\Users\Kazim Raza\AppData\Roaming\Python\Python310\site-packages\sqlalchemy\engine\base.py", line 1986, in _exec_single_context
    self._handle_dbapi_exception(
  File "C:\Users\Kazim Raza\AppData\Roaming\Python\Python310\site-packages\sqlalchemy\engine\base.py", line 2363, in _handle_dbapi_exception
    raise sqlalchemy_exception.with_traceback(exc_info[2]) from e
  File "C:\Users\Kazim Raza\AppData\Roaming\Python\Python310\site-packages\sqlalchemy\engine\base.py", line 1967, in _exec_single_context
    self.dialect.do_execute(
  File "C:\Users\Kazim Raza\AppData\Roaming\Python\Python310\site-packages\sqlalchemy\engine\default.py", line 952, in do_execute
    cursor.execute(statement, parameters)
sqlalchemy.exc.IntegrityError: (psycopg2.errors.CheckViolation) new row for relation "pipeline_run_log" violates check constraint "ck_pipeline_run_log_status"
DETAIL:  Failing row contains (82a66cefc8124d1492520440aeeff052, marketing_leads_pipeline, 2026-08-10 20:11:15.908115, 2026-08-10 20:11:20.373212, 50000, 50000, null, completed, null).

[SQL: 
                UPDATE metadata.pipeline_run_log
                SET run_ended_at   = %(ended_at)s,
                    rows_extracted = %(rows_extracted)s,
                    rows_loaded    = %(rows_loaded)s,
                    watermark_used = %(watermark_used)s,
                    status         = %(status)s,
                    error_message  = %(error_message)s
                WHERE run_id = %(run_id)s
            ]
[parameters: {'ended_at': datetime.datetime(2026, 8, 10, 20, 11, 20, 373212), 'rows_extracted': 50000, 'rows_loaded': 50000, 'watermark_used': None, 'status': 'completed', 'error_message': None, 'run_id': '82a66cefc8124d1492520440aeeff052'}]
(Background on this error at: https://sqlalche.me/e/20/gkpj)
2026-08-10 20:11:20,383 | INFO |__main__ | 89 | marketing_leads_pipeline completed
2026-08-10 20:21:05,536 | INFO |__main__ | 442 | Generating all Datasets....
2026-08-10 20:21:05,536 | INFO |__main__ | 149 | Generating Categories.....
2026-08-10 20:21:05,548 | INFO |__main__ | 174 | Generated 10 categories
2026-08-10 20:21:05,548 | INFO |__main__ | 175 | Categories data set generated succesfully
2026-08-10 20:21:05,548 | INFO |__main__ | 176 | Returning Categories Data set....
2026-08-10 20:21:05,548 | INFO |__main__ | 80 | Generating Companies...
2026-08-10 20:21:05,737 | INFO |__main__ | 125 | 
Company Type Distribution:
company_type
Buyer       350
Supplier    150
Name: count, dtype: int64
2026-08-10 20:21:05,739 | INFO |__main__ | 135 | Generated 500 company records successfully!
2026-08-10 20:21:05,739 | INFO |__main__ | 191 | Generating Customers.....
2026-08-10 20:21:08,225 | DEBUG |__main__ | 236 | 
Customers per company:
count    350.000000
mean      45.111429
std       20.752095
min       10.000000
25%       26.000000
50%       45.500000
75%       62.000000
max       80.000000
dtype: float64
2026-08-10 20:21:08,244 | INFO |__main__ | 254 | Generated 15789 customers
2026-08-10 20:21:08,245 | INFO |__main__ | 255 | Customers data set generated succesfully
2026-08-10 20:21:08,246 | INFO |__main__ | 256 | Returning Customers Data set....
2026-08-10 20:21:08,252 | INFO |__main__ | 267 | Generating Products......
2026-08-10 20:21:08,273 | INFO |__main__ | 302 | Starting data validation
2026-08-10 20:21:08,276 | INFO |__main__ | 309 | Generated 96 products
2026-08-10 20:21:08,277 | INFO |__main__ | 310 | Products data set generated succesfully
2026-08-10 20:21:08,277 | INFO |__main__ | 311 | Returning Products Data set....
2026-08-10 20:21:08,277 | INFO |__main__ | 327 | Generating Suppliers.....
2026-08-10 20:21:08,392 | INFO |__main__ | 368 | Generated 150 suppliers
2026-08-10 20:21:08,392 | INFO |__main__ | 369 | Suppliers data set generated succesfully
2026-08-10 20:21:08,392 | INFO |__main__ | 370 | Returning Suppliers Data set....
2026-08-10 20:21:08,392 | INFO |__main__ | 384 | Generating Supplier Product Mapping.....
2026-08-10 20:21:08,411 | INFO |__main__ | 429 | Generated 325 suppliers_product_mappings
2026-08-10 20:21:08,411 | INFO |__main__ | 430 | suppliers_product_mapping data set generated succesfully
2026-08-10 20:21:08,411 | INFO |__main__ | 431 | Returning suppliers_product_mapping Data set....
2026-08-10 20:21:08,411 | INFO |__main__ | 450 | Returning all Datasets....
2026-08-10 20:21:08,411 | INFO |python.generators.load_to_sqlserver | 11 | Loading datasets into SQL Server...
2026-08-10 20:21:08,412 | INFO |python.generators.load_to_sqlserver | 30 | Loading companies into Companies
2026-08-10 20:21:08,831 | INFO |python.generators.load_to_sqlserver | 30 | Loading categories into Categories
2026-08-10 20:21:08,848 | INFO |python.generators.load_to_sqlserver | 30 | Loading customers into Customers
2026-08-10 20:21:10,007 | INFO |python.generators.load_to_sqlserver | 30 | Loading products into Products
2026-08-10 20:21:10,035 | INFO |python.generators.load_to_sqlserver | 30 | Loading suppliers into Suppliers
2026-08-10 20:21:10,068 | INFO |python.generators.load_to_sqlserver | 30 | Loading supplier_product_mapping into Supplier_Product_Mapping
2026-08-10 20:21:10,108 | INFO |python.generators.load_to_sqlserver | 44 | All available datasets loaded successfully
2026-08-10 20:21:15,153 | INFO |__main__ | 102 | Generating Marketing Leads...
2026-08-10 20:21:27,409 | INFO |__main__ | 150 | 
marketing_leads Type Distribution:
funnel_stage
New            17450
Contacted      12569
Qualified       7569
Proposal        4980
Negotiation     3964
Won             1987
Lost            1481
Name: count, dtype: int64
2026-08-10 20:21:27,459 | INFO |__main__ | 161 | Generated 50000 marketing leads records successfully!
2026-08-10 20:21:27,463 | INFO |__main__ | 162 | 
Industry Distribution:
industry
Technology       5085
Retail           5081
Hospitality      5057
Manufacturing    4993
Finance          4979
Education        4978
Logistics        4974
Healthcare       4968
Construction     4959
Energy           4926
Name: count, dtype: int64
2026-08-10 20:21:27,483 | INFO |__main__ | 422 | Generating Web Logs...
2026-08-10 20:21:44,203 | INFO |__main__ | 473 | Succefully generated weblogs : 75000
2026-08-10 20:21:44,226 | INFO |__main__ | 536 | Fetching required datasets to generate orders and order_items
2026-08-10 20:21:44,452 | INFO |__main__ | 177 | Generating Orders...
2026-08-10 20:21:47,137 | INFO |__main__ | 291 | Orders generation successfull, total no. of orders = 31987
2026-08-10 20:21:47,155 | INFO |__main__ | 300 | Generated 30000 legacy customer orders and 1987 lead-originated orders.
2026-08-10 20:21:47,156 | INFO |__main__ | 301 | orders data set generated succesfully
2026-08-10 20:21:47,157 | INFO |__main__ | 303 | Orders with Lead Attribution: 1987
2026-08-10 20:21:47,158 | INFO |__main__ | 305 | Legacy Customer Orders: 30000
2026-08-10 20:21:47,158 | INFO |__main__ | 307 | Returning Orders Data set....
2026-08-10 20:21:47,174 | INFO |__main__ | 320 | Generating Order Items Leads...
2026-08-10 20:21:49,589 | INFO |__main__ | 373 | Generated 95808 order_items_dataset
2026-08-10 20:21:49,590 | INFO |__main__ | 374 | order items dataset generated succesfully
2026-08-10 20:21:49,590 | INFO |__main__ | 375 | Returning Order Items Dataset....
2026-08-10 20:21:49,614 | INFO |__main__ | 394 | Populating order total in orders table by summing up line totals of order items
2026-08-10 20:21:49,715 | INFO |__main__ | 409 | Order totals populated successfully
2026-08-10 20:21:49,716 | INFO |__main__ | 545 | Returning all Datasets....
2026-08-10 20:21:49,720 | INFO |python.generators.load_to_sqlserver | 11 | Loading datasets into SQL Server...
2026-08-10 20:21:49,720 | INFO |python.generators.load_to_sqlserver | 30 | Loading orders into Orders
2026-08-10 20:21:51,614 | INFO |python.generators.load_to_sqlserver | 30 | Loading order_items into Order_Items
2026-08-10 20:21:58,401 | INFO |python.generators.load_to_sqlserver | 44 | All available datasets loaded successfully
2026-08-10 20:21:58,402 | INFO |__main__ | 489 | Loading Marketing Dataset to File.csv........
2026-08-10 20:21:58,869 | INFO |__main__ | 491 | Successfully loaded Marketing Leads Dataset to File
2026-08-10 20:21:58,869 | INFO |__main__ | 497 | Loading Web Logs Dataset to File.csv........
2026-08-10 20:21:59,483 | INFO |__main__ | 499 | Successfully loaded Web logs Dataset to File
2026-08-10 20:22:04,179 | ERROR |python.utils.pipeline_utils | 75 | Error updating logs on pipeline run start (psycopg2.errors.CheckViolation) new row for relation "pipeline_run_log" violates check constraint "ck_pipeline_run_log_status"
DETAIL:  Failing row contains (f748d7767bdd4da5a7705c516507cc05, sql_server_pipeline, 2026-08-10 20:22:03.948534, null, null, null, null, RUNNING, null).

[SQL: INSERT INTO
                            metadata.pipeline_run_log
                    (run_id, pipeline_name, run_started_at, status)
                VALUES
                    (%(run_id)s, %(name)s, %(started_at)s, %(status)s)
            ]
[parameters: {'run_id': 'f748d7767bdd4da5a7705c516507cc05', 'name': 'sql_server_pipeline', 'started_at': datetime.datetime(2026, 8, 10, 20, 22, 3, 948534), 'status': 'RUNNING'}]
(Background on this error at: https://sqlalche.me/e/20/gkpj)
Traceback (most recent call last):
  File "C:\Users\Kazim Raza\AppData\Roaming\Python\Python310\site-packages\sqlalchemy\engine\base.py", line 1967, in _exec_single_context
    self.dialect.do_execute(
  File "C:\Users\Kazim Raza\AppData\Roaming\Python\Python310\site-packages\sqlalchemy\engine\default.py", line 952, in do_execute
    cursor.execute(statement, parameters)
psycopg2.errors.CheckViolation: new row for relation "pipeline_run_log" violates check constraint "ck_pipeline_run_log_status"
DETAIL:  Failing row contains (f748d7767bdd4da5a7705c516507cc05, sql_server_pipeline, 2026-08-10 20:22:03.948534, null, null, null, null, RUNNING, null).


The above exception was the direct cause of the following exception:

Traceback (most recent call last):
  File "D:\Courses\Data Engineer\Internship_DataRopes\DE-Internship-Project\B2B-Data-Engineering-Platform\python\utils\pipeline_utils.py", line 62, in log_run_start
    conn.execute(
  File "C:\Users\Kazim Raza\AppData\Roaming\Python\Python310\site-packages\sqlalchemy\engine\base.py", line 1419, in execute
    return meth(
  File "C:\Users\Kazim Raza\AppData\Roaming\Python\Python310\site-packages\sqlalchemy\sql\elements.py", line 527, in _execute_on_connection
    return connection._execute_clauseelement(
  File "C:\Users\Kazim Raza\AppData\Roaming\Python\Python310\site-packages\sqlalchemy\engine\base.py", line 1641, in _execute_clauseelement
    ret = self._execute_context(
  File "C:\Users\Kazim Raza\AppData\Roaming\Python\Python310\site-packages\sqlalchemy\engine\base.py", line 1846, in _execute_context
    return self._exec_single_context(
  File "C:\Users\Kazim Raza\AppData\Roaming\Python\Python310\site-packages\sqlalchemy\engine\base.py", line 1986, in _exec_single_context
    self._handle_dbapi_exception(
  File "C:\Users\Kazim Raza\AppData\Roaming\Python\Python310\site-packages\sqlalchemy\engine\base.py", line 2363, in _handle_dbapi_exception
    raise sqlalchemy_exception.with_traceback(exc_info[2]) from e
  File "C:\Users\Kazim Raza\AppData\Roaming\Python\Python310\site-packages\sqlalchemy\engine\base.py", line 1967, in _exec_single_context
    self.dialect.do_execute(
  File "C:\Users\Kazim Raza\AppData\Roaming\Python\Python310\site-packages\sqlalchemy\engine\default.py", line 952, in do_execute
    cursor.execute(statement, parameters)
sqlalchemy.exc.IntegrityError: (psycopg2.errors.CheckViolation) new row for relation "pipeline_run_log" violates check constraint "ck_pipeline_run_log_status"
DETAIL:  Failing row contains (f748d7767bdd4da5a7705c516507cc05, sql_server_pipeline, 2026-08-10 20:22:03.948534, null, null, null, null, RUNNING, null).

[SQL: INSERT INTO
                            metadata.pipeline_run_log
                    (run_id, pipeline_name, run_started_at, status)
                VALUES
                    (%(run_id)s, %(name)s, %(started_at)s, %(status)s)
            ]
[parameters: {'run_id': 'f748d7767bdd4da5a7705c516507cc05', 'name': 'sql_server_pipeline', 'started_at': datetime.datetime(2026, 8, 10, 20, 22, 3, 948534), 'status': 'RUNNING'}]
(Background on this error at: https://sqlalche.me/e/20/gkpj)
2026-08-10 20:22:04,190 | INFO |python.utils.pipeline_utils | 24 | sql_server_pipeline last watermark = None
2026-08-10 20:22:04,265 | INFO |__main__ | 36 | sql_server_pipeline extracted 500 rows from companies
2026-08-10 20:22:04,413 | INFO |__main__ | 36 | sql_server_pipeline extracted 15789 rows from customers
2026-08-10 20:22:04,419 | INFO |__main__ | 36 | sql_server_pipeline extracted 10 rows from categories
2026-08-10 20:22:04,425 | INFO |__main__ | 36 | sql_server_pipeline extracted 150 rows from suppliers
2026-08-10 20:22:04,433 | INFO |__main__ | 36 | sql_server_pipeline extracted 96 rows from products
2026-08-10 20:22:04,445 | INFO |__main__ | 36 | sql_server_pipeline extracted 325 rows from supplier_product_mapping
2026-08-10 20:22:04,818 | INFO |__main__ | 36 | sql_server_pipeline extracted 31987 rows from orders
2026-08-10 20:22:05,969 | INFO |__main__ | 36 | sql_server_pipeline extracted 95808 rows from order_items
2026-08-10 20:22:06,077 | INFO |__main__ | 65 | Loading companies into companies
2026-08-10 20:22:06,116 | INFO |__main__ | 75 | [sql_server_pipeline] loaded 500 rows into staging.companies
2026-08-10 20:22:06,116 | INFO |__main__ | 65 | Loading categories into categories
2026-08-10 20:22:06,122 | INFO |__main__ | 75 | [sql_server_pipeline] loaded 10 rows into staging.categories
2026-08-10 20:22:06,123 | INFO |__main__ | 65 | Loading customers into customers
2026-08-10 20:22:07,003 | INFO |__main__ | 75 | [sql_server_pipeline] loaded 15789 rows into staging.customers
2026-08-10 20:22:07,003 | INFO |__main__ | 65 | Loading products into products
2026-08-10 20:22:07,014 | INFO |__main__ | 75 | [sql_server_pipeline] loaded 96 rows into staging.products
2026-08-10 20:22:07,014 | INFO |__main__ | 65 | Loading suppliers into suppliers
2026-08-10 20:22:07,027 | INFO |__main__ | 75 | [sql_server_pipeline] loaded 150 rows into staging.suppliers
2026-08-10 20:22:07,027 | INFO |__main__ | 65 | Loading supplier_product_mapping into supplier_product_mapping
2026-08-10 20:22:07,058 | INFO |__main__ | 75 | [sql_server_pipeline] loaded 325 rows into staging.supplier_product_mapping
2026-08-10 20:22:07,058 | INFO |__main__ | 65 | Loading orders into orders
2026-08-10 20:22:09,120 | INFO |__main__ | 75 | [sql_server_pipeline] loaded 31987 rows into staging.orders
2026-08-10 20:22:09,120 | INFO |__main__ | 65 | Loading order_items into order_items
2026-08-10 20:22:14,134 | INFO |__main__ | 75 | [sql_server_pipeline] loaded 95808 rows into staging.order_items
2026-08-10 20:22:14,135 | INFO |__main__ | 77 | All available datasets loaded successfully
2026-08-10 20:22:14,139 | INFO |python.utils.pipeline_utils | 48 | sql_server_pipeline watermark updated = 2026-08-10 00:00:00
2026-08-10 20:22:14,144 | INFO |python.utils.pipeline_utils | 106 | [sql_server_pipeline] run f748d7767bdd4da5a7705c516507cc05 -> completed (extracted rows=144665, loaded rows=144665)
2026-08-10 20:22:17,860 | ERROR |python.utils.pipeline_utils | 75 | Error updating logs on pipeline run start (psycopg2.errors.CheckViolation) new row for relation "pipeline_run_log" violates check constraint "ck_pipeline_run_log_status"
DETAIL:  Failing row contains (bf530c4c064b4b5695f5a6b57f299c6f, web_logs_pipeline, 2026-08-10 20:22:17.78342, null, null, null, null, RUNNING, null).

[SQL: INSERT INTO
                            metadata.pipeline_run_log
                    (run_id, pipeline_name, run_started_at, status)
                VALUES
                    (%(run_id)s, %(name)s, %(started_at)s, %(status)s)
            ]
[parameters: {'run_id': 'bf530c4c064b4b5695f5a6b57f299c6f', 'name': 'web_logs_pipeline', 'started_at': datetime.datetime(2026, 8, 10, 20, 22, 17, 783420), 'status': 'RUNNING'}]
(Background on this error at: https://sqlalche.me/e/20/gkpj)
Traceback (most recent call last):
  File "C:\Users\Kazim Raza\AppData\Roaming\Python\Python310\site-packages\sqlalchemy\engine\base.py", line 1967, in _exec_single_context
    self.dialect.do_execute(
  File "C:\Users\Kazim Raza\AppData\Roaming\Python\Python310\site-packages\sqlalchemy\engine\default.py", line 952, in do_execute
    cursor.execute(statement, parameters)
psycopg2.errors.CheckViolation: new row for relation "pipeline_run_log" violates check constraint "ck_pipeline_run_log_status"
DETAIL:  Failing row contains (bf530c4c064b4b5695f5a6b57f299c6f, web_logs_pipeline, 2026-08-10 20:22:17.78342, null, null, null, null, RUNNING, null).


The above exception was the direct cause of the following exception:

Traceback (most recent call last):
  File "D:\Courses\Data Engineer\Internship_DataRopes\DE-Internship-Project\B2B-Data-Engineering-Platform\python\utils\pipeline_utils.py", line 62, in log_run_start
    conn.execute(
  File "C:\Users\Kazim Raza\AppData\Roaming\Python\Python310\site-packages\sqlalchemy\engine\base.py", line 1419, in execute
    return meth(
  File "C:\Users\Kazim Raza\AppData\Roaming\Python\Python310\site-packages\sqlalchemy\sql\elements.py", line 527, in _execute_on_connection
    return connection._execute_clauseelement(
  File "C:\Users\Kazim Raza\AppData\Roaming\Python\Python310\site-packages\sqlalchemy\engine\base.py", line 1641, in _execute_clauseelement
    ret = self._execute_context(
  File "C:\Users\Kazim Raza\AppData\Roaming\Python\Python310\site-packages\sqlalchemy\engine\base.py", line 1846, in _execute_context
    return self._exec_single_context(
  File "C:\Users\Kazim Raza\AppData\Roaming\Python\Python310\site-packages\sqlalchemy\engine\base.py", line 1986, in _exec_single_context
    self._handle_dbapi_exception(
  File "C:\Users\Kazim Raza\AppData\Roaming\Python\Python310\site-packages\sqlalchemy\engine\base.py", line 2363, in _handle_dbapi_exception
    raise sqlalchemy_exception.with_traceback(exc_info[2]) from e
  File "C:\Users\Kazim Raza\AppData\Roaming\Python\Python310\site-packages\sqlalchemy\engine\base.py", line 1967, in _exec_single_context
    self.dialect.do_execute(
  File "C:\Users\Kazim Raza\AppData\Roaming\Python\Python310\site-packages\sqlalchemy\engine\default.py", line 952, in do_execute
    cursor.execute(statement, parameters)
sqlalchemy.exc.IntegrityError: (psycopg2.errors.CheckViolation) new row for relation "pipeline_run_log" violates check constraint "ck_pipeline_run_log_status"
DETAIL:  Failing row contains (bf530c4c064b4b5695f5a6b57f299c6f, web_logs_pipeline, 2026-08-10 20:22:17.78342, null, null, null, null, RUNNING, null).

[SQL: INSERT INTO
                            metadata.pipeline_run_log
                    (run_id, pipeline_name, run_started_at, status)
                VALUES
                    (%(run_id)s, %(name)s, %(started_at)s, %(status)s)
            ]
[parameters: {'run_id': 'bf530c4c064b4b5695f5a6b57f299c6f', 'name': 'web_logs_pipeline', 'started_at': datetime.datetime(2026, 8, 10, 20, 22, 17, 783420), 'status': 'RUNNING'}]
(Background on this error at: https://sqlalche.me/e/20/gkpj)
2026-08-10 20:22:17,864 | INFO |__main__ | 19 | Extraction Started................
2026-08-10 20:22:18,226 | INFO |__main__ | 23 | Succesfully extracted Marketing leads dataset
2026-08-10 20:22:18,227 | INFO |__main__ | 24 | web_logs_pipeline extracted 75000 rows from Source 2
2026-08-10 20:22:18,287 | INFO |__main__ | 36 | Loading Started...........
2026-08-10 20:22:23,116 | INFO |__main__ | 49 | [web_logs_pipeline] loaded 75000 rows into staging.web_logs
2026-08-10 20:22:23,119 | INFO |python.utils.pipeline_utils | 106 | [web_logs_pipeline] run bf530c4c064b4b5695f5a6b57f299c6f -> completed (extracted rows=75000, loaded rows=75000)
2026-08-10 20:22:23,119 | INFO |__main__ | 94 | web_logs_pipeline completed
2026-08-10 20:22:27,671 | ERROR |python.utils.pipeline_utils | 75 | Error updating logs on pipeline run start (psycopg2.errors.CheckViolation) new row for relation "pipeline_run_log" violates check constraint "ck_pipeline_run_log_status"
DETAIL:  Failing row contains (17fb3c6d4b254f969cb7871f08a04698, marketing_leads_pipeline, 2026-08-10 20:22:27.622991, null, null, null, null, RUNNING, null).

[SQL: INSERT INTO
                            metadata.pipeline_run_log
                    (run_id, pipeline_name, run_started_at, status)
                VALUES
                    (%(run_id)s, %(name)s, %(started_at)s, %(status)s)
            ]
[parameters: {'run_id': '17fb3c6d4b254f969cb7871f08a04698', 'name': 'marketing_leads_pipeline', 'started_at': datetime.datetime(2026, 8, 10, 20, 22, 27, 622991), 'status': 'RUNNING'}]
(Background on this error at: https://sqlalche.me/e/20/gkpj)
Traceback (most recent call last):
  File "C:\Users\Kazim Raza\AppData\Roaming\Python\Python310\site-packages\sqlalchemy\engine\base.py", line 1967, in _exec_single_context
    self.dialect.do_execute(
  File "C:\Users\Kazim Raza\AppData\Roaming\Python\Python310\site-packages\sqlalchemy\engine\default.py", line 952, in do_execute
    cursor.execute(statement, parameters)
psycopg2.errors.CheckViolation: new row for relation "pipeline_run_log" violates check constraint "ck_pipeline_run_log_status"
DETAIL:  Failing row contains (17fb3c6d4b254f969cb7871f08a04698, marketing_leads_pipeline, 2026-08-10 20:22:27.622991, null, null, null, null, RUNNING, null).


The above exception was the direct cause of the following exception:

Traceback (most recent call last):
  File "D:\Courses\Data Engineer\Internship_DataRopes\DE-Internship-Project\B2B-Data-Engineering-Platform\python\utils\pipeline_utils.py", line 62, in log_run_start
    conn.execute(
  File "C:\Users\Kazim Raza\AppData\Roaming\Python\Python310\site-packages\sqlalchemy\engine\base.py", line 1419, in execute
    return meth(
  File "C:\Users\Kazim Raza\AppData\Roaming\Python\Python310\site-packages\sqlalchemy\sql\elements.py", line 527, in _execute_on_connection
    return connection._execute_clauseelement(
  File "C:\Users\Kazim Raza\AppData\Roaming\Python\Python310\site-packages\sqlalchemy\engine\base.py", line 1641, in _execute_clauseelement
    ret = self._execute_context(
  File "C:\Users\Kazim Raza\AppData\Roaming\Python\Python310\site-packages\sqlalchemy\engine\base.py", line 1846, in _execute_context
    return self._exec_single_context(
  File "C:\Users\Kazim Raza\AppData\Roaming\Python\Python310\site-packages\sqlalchemy\engine\base.py", line 1986, in _exec_single_context
    self._handle_dbapi_exception(
  File "C:\Users\Kazim Raza\AppData\Roaming\Python\Python310\site-packages\sqlalchemy\engine\base.py", line 2363, in _handle_dbapi_exception
    raise sqlalchemy_exception.with_traceback(exc_info[2]) from e
  File "C:\Users\Kazim Raza\AppData\Roaming\Python\Python310\site-packages\sqlalchemy\engine\base.py", line 1967, in _exec_single_context
    self.dialect.do_execute(
  File "C:\Users\Kazim Raza\AppData\Roaming\Python\Python310\site-packages\sqlalchemy\engine\default.py", line 952, in do_execute
    cursor.execute(statement, parameters)
sqlalchemy.exc.IntegrityError: (psycopg2.errors.CheckViolation) new row for relation "pipeline_run_log" violates check constraint "ck_pipeline_run_log_status"
DETAIL:  Failing row contains (17fb3c6d4b254f969cb7871f08a04698, marketing_leads_pipeline, 2026-08-10 20:22:27.622991, null, null, null, null, RUNNING, null).

[SQL: INSERT INTO
                            metadata.pipeline_run_log
                    (run_id, pipeline_name, run_started_at, status)
                VALUES
                    (%(run_id)s, %(name)s, %(started_at)s, %(status)s)
            ]
[parameters: {'run_id': '17fb3c6d4b254f969cb7871f08a04698', 'name': 'marketing_leads_pipeline', 'started_at': datetime.datetime(2026, 8, 10, 20, 22, 27, 622991), 'status': 'RUNNING'}]
(Background on this error at: https://sqlalche.me/e/20/gkpj)
2026-08-10 20:22:27,671 | INFO |__main__ | 18 | Extraction started......
2026-08-10 20:22:27,943 | INFO |__main__ | 22 | Succesfully extracted Marketing leads dataset
2026-08-10 20:22:27,943 | INFO |__main__ | 23 | marketing_leads_pipeline extracted 50000 rows from Source 2
2026-08-10 20:22:31,757 | INFO |__main__ | 48 | [marketing_leads_pipeline] loaded 50000 rows into staging.marketing_leads
2026-08-10 20:22:31,761 | INFO |python.utils.pipeline_utils | 106 | [marketing_leads_pipeline] run 17fb3c6d4b254f969cb7871f08a04698 -> completed (extracted rows=50000, loaded rows=50000)
2026-08-10 20:22:31,761 | INFO |__main__ | 89 | marketing_leads_pipeline completed
2026-08-10 20:26:55,586 | INFO |__main__ | 442 | Generating all Datasets....
2026-08-10 20:26:55,586 | INFO |__main__ | 149 | Generating Categories.....
2026-08-10 20:26:55,594 | INFO |__main__ | 174 | Generated 10 categories
2026-08-10 20:26:55,594 | INFO |__main__ | 175 | Categories data set generated succesfully
2026-08-10 20:26:55,594 | INFO |__main__ | 176 | Returning Categories Data set....
2026-08-10 20:26:55,594 | INFO |__main__ | 80 | Generating Companies...
2026-08-10 20:26:55,775 | INFO |__main__ | 125 | 
Company Type Distribution:
company_type
Buyer       350
Supplier    150
Name: count, dtype: int64
2026-08-10 20:26:55,776 | INFO |__main__ | 135 | Generated 500 company records successfully!
2026-08-10 20:26:55,777 | INFO |__main__ | 191 | Generating Customers.....
2026-08-10 20:26:58,387 | DEBUG |__main__ | 236 | 
Customers per company:
count    350.000000
mean      45.111429
std       20.752095
min       10.000000
25%       26.000000
50%       45.500000
75%       62.000000
max       80.000000
dtype: float64
2026-08-10 20:26:58,412 | INFO |__main__ | 254 | Generated 15789 customers
2026-08-10 20:26:58,412 | INFO |__main__ | 255 | Customers data set generated succesfully
2026-08-10 20:26:58,412 | INFO |__main__ | 256 | Returning Customers Data set....
2026-08-10 20:26:58,417 | INFO |__main__ | 267 | Generating Products......
2026-08-10 20:26:58,430 | INFO |__main__ | 302 | Starting data validation
2026-08-10 20:26:58,432 | INFO |__main__ | 309 | Generated 96 products
2026-08-10 20:26:58,432 | INFO |__main__ | 310 | Products data set generated succesfully
2026-08-10 20:26:58,433 | INFO |__main__ | 311 | Returning Products Data set....
2026-08-10 20:26:58,433 | INFO |__main__ | 327 | Generating Suppliers.....
2026-08-10 20:26:58,550 | INFO |__main__ | 368 | Generated 150 suppliers
2026-08-10 20:26:58,551 | INFO |__main__ | 369 | Suppliers data set generated succesfully
2026-08-10 20:26:58,551 | INFO |__main__ | 370 | Returning Suppliers Data set....
2026-08-10 20:26:58,551 | INFO |__main__ | 384 | Generating Supplier Product Mapping.....
2026-08-10 20:26:58,564 | INFO |__main__ | 429 | Generated 325 suppliers_product_mappings
2026-08-10 20:26:58,564 | INFO |__main__ | 430 | suppliers_product_mapping data set generated succesfully
2026-08-10 20:26:58,565 | INFO |__main__ | 431 | Returning suppliers_product_mapping Data set....
2026-08-10 20:26:58,565 | INFO |__main__ | 450 | Returning all Datasets....
2026-08-10 20:26:58,565 | INFO |python.generators.load_to_sqlserver | 11 | Loading datasets into SQL Server...
2026-08-10 20:26:58,565 | INFO |python.generators.load_to_sqlserver | 30 | Loading companies into Companies
2026-08-10 20:26:58,848 | INFO |python.generators.load_to_sqlserver | 30 | Loading categories into Categories
2026-08-10 20:26:58,865 | INFO |python.generators.load_to_sqlserver | 30 | Loading customers into Customers
2026-08-10 20:26:59,919 | INFO |python.generators.load_to_sqlserver | 30 | Loading products into Products
2026-08-10 20:26:59,946 | INFO |python.generators.load_to_sqlserver | 30 | Loading suppliers into Suppliers
2026-08-10 20:26:59,973 | INFO |python.generators.load_to_sqlserver | 30 | Loading supplier_product_mapping into Supplier_Product_Mapping
2026-08-10 20:27:00,014 | INFO |python.generators.load_to_sqlserver | 44 | All available datasets loaded successfully
2026-08-10 20:27:05,126 | INFO |__main__ | 102 | Generating Marketing Leads...
2026-08-10 20:27:17,420 | INFO |__main__ | 150 | 
marketing_leads Type Distribution:
funnel_stage
New            17450
Contacted      12569
Qualified       7569
Proposal        4980
Negotiation     3964
Won             1987
Lost            1481
Name: count, dtype: int64
2026-08-10 20:27:17,478 | INFO |__main__ | 161 | Generated 50000 marketing leads records successfully!
2026-08-10 20:27:17,481 | INFO |__main__ | 162 | 
Industry Distribution:
industry
Technology       5085
Retail           5081
Hospitality      5057
Manufacturing    4993
Finance          4979
Education        4978
Logistics        4974
Healthcare       4968
Construction     4959
Energy           4926
Name: count, dtype: int64
2026-08-10 20:27:17,496 | INFO |__main__ | 422 | Generating Web Logs...
2026-08-10 20:27:35,007 | INFO |__main__ | 473 | Succefully generated weblogs : 75000
2026-08-10 20:27:35,039 | INFO |__main__ | 536 | Fetching required datasets to generate orders and order_items
2026-08-10 20:27:35,249 | INFO |__main__ | 177 | Generating Orders...
2026-08-10 20:27:37,785 | INFO |__main__ | 291 | Orders generation successfull, total no. of orders = 31987
2026-08-10 20:27:37,799 | INFO |__main__ | 300 | Generated 30000 legacy customer orders and 1987 lead-originated orders.
2026-08-10 20:27:37,799 | INFO |__main__ | 301 | orders data set generated succesfully
2026-08-10 20:27:37,800 | INFO |__main__ | 303 | Orders with Lead Attribution: 1987
2026-08-10 20:27:37,801 | INFO |__main__ | 305 | Legacy Customer Orders: 30000
2026-08-10 20:27:37,801 | INFO |__main__ | 307 | Returning Orders Data set....
2026-08-10 20:27:37,814 | INFO |__main__ | 320 | Generating Order Items Leads...
2026-08-10 20:27:40,322 | INFO |__main__ | 373 | Generated 95808 order_items_dataset
2026-08-10 20:27:40,322 | INFO |__main__ | 374 | order items dataset generated succesfully
2026-08-10 20:27:40,322 | INFO |__main__ | 375 | Returning Order Items Dataset....
2026-08-10 20:27:40,336 | INFO |__main__ | 394 | Populating order total in orders table by summing up line totals of order items
2026-08-10 20:27:40,420 | INFO |__main__ | 409 | Order totals populated successfully
2026-08-10 20:27:40,421 | INFO |__main__ | 545 | Returning all Datasets....
2026-08-10 20:27:40,426 | INFO |python.generators.load_to_sqlserver | 11 | Loading datasets into SQL Server...
2026-08-10 20:27:40,426 | INFO |python.generators.load_to_sqlserver | 30 | Loading orders into Orders
2026-08-10 20:27:42,260 | INFO |python.generators.load_to_sqlserver | 30 | Loading order_items into Order_Items
2026-08-10 20:27:48,827 | INFO |python.generators.load_to_sqlserver | 44 | All available datasets loaded successfully
2026-08-10 20:27:48,828 | INFO |__main__ | 489 | Loading Marketing Dataset to File.csv........
2026-08-10 20:27:49,317 | INFO |__main__ | 491 | Successfully loaded Marketing Leads Dataset to File
2026-08-10 20:27:49,317 | INFO |__main__ | 497 | Loading Web Logs Dataset to File.csv........
2026-08-10 20:27:49,790 | INFO |__main__ | 499 | Successfully loaded Web logs Dataset to File
2026-08-10 20:27:54,507 | INFO |python.utils.pipeline_utils | 72 | [sql_server_pipeline] run started, run_id = d088982483224fdf89c369a83da468e1
2026-08-10 20:27:54,509 | INFO |python.utils.pipeline_utils | 24 | sql_server_pipeline last watermark = None
2026-08-10 20:27:54,591 | INFO |__main__ | 36 | sql_server_pipeline extracted 500 rows from companies
2026-08-10 20:27:54,744 | INFO |__main__ | 36 | sql_server_pipeline extracted 15789 rows from customers
2026-08-10 20:27:54,748 | INFO |__main__ | 36 | sql_server_pipeline extracted 10 rows from categories
2026-08-10 20:27:54,754 | INFO |__main__ | 36 | sql_server_pipeline extracted 150 rows from suppliers
2026-08-10 20:27:54,756 | INFO |__main__ | 36 | sql_server_pipeline extracted 96 rows from products
2026-08-10 20:27:54,770 | INFO |__main__ | 36 | sql_server_pipeline extracted 325 rows from supplier_product_mapping
2026-08-10 20:27:55,092 | INFO |__main__ | 36 | sql_server_pipeline extracted 31987 rows from orders
2026-08-10 20:27:56,333 | INFO |__main__ | 36 | sql_server_pipeline extracted 95808 rows from order_items
2026-08-10 20:27:56,452 | INFO |__main__ | 65 | Loading companies into companies
2026-08-10 20:27:56,502 | INFO |__main__ | 75 | [sql_server_pipeline] loaded 500 rows into staging.companies
2026-08-10 20:27:56,503 | INFO |__main__ | 65 | Loading categories into categories
2026-08-10 20:27:56,507 | INFO |__main__ | 75 | [sql_server_pipeline] loaded 10 rows into staging.categories
2026-08-10 20:27:56,507 | INFO |__main__ | 65 | Loading customers into customers
2026-08-10 20:27:57,415 | INFO |__main__ | 75 | [sql_server_pipeline] loaded 15789 rows into staging.customers
2026-08-10 20:27:57,415 | INFO |__main__ | 65 | Loading products into products
2026-08-10 20:27:57,427 | INFO |__main__ | 75 | [sql_server_pipeline] loaded 96 rows into staging.products
2026-08-10 20:27:57,428 | INFO |__main__ | 65 | Loading suppliers into suppliers
2026-08-10 20:27:57,441 | INFO |__main__ | 75 | [sql_server_pipeline] loaded 150 rows into staging.suppliers
2026-08-10 20:27:57,441 | INFO |__main__ | 65 | Loading supplier_product_mapping into supplier_product_mapping
2026-08-10 20:27:57,474 | INFO |__main__ | 75 | [sql_server_pipeline] loaded 325 rows into staging.supplier_product_mapping
2026-08-10 20:27:57,474 | INFO |__main__ | 65 | Loading orders into orders
2026-08-10 20:27:59,484 | INFO |__main__ | 75 | [sql_server_pipeline] loaded 31987 rows into staging.orders
2026-08-10 20:27:59,484 | INFO |__main__ | 65 | Loading order_items into order_items
2026-08-10 20:28:04,573 | INFO |__main__ | 75 | [sql_server_pipeline] loaded 95808 rows into staging.order_items
2026-08-10 20:28:04,574 | INFO |__main__ | 77 | All available datasets loaded successfully
2026-08-10 20:28:04,576 | INFO |python.utils.pipeline_utils | 48 | sql_server_pipeline watermark updated = 2026-08-10 00:00:00
2026-08-10 20:28:04,581 | INFO |python.utils.pipeline_utils | 106 | [sql_server_pipeline] run d088982483224fdf89c369a83da468e1 -> completed (extracted rows=144665, loaded rows=144665)
2026-08-10 20:28:09,427 | INFO |python.utils.pipeline_utils | 72 | [web_logs_pipeline] run started, run_id = 9f7c6b37025f4d9e9cfe81ab6a1cd348
2026-08-10 20:28:09,427 | INFO |__main__ | 19 | Extraction Started................
2026-08-10 20:28:09,779 | INFO |__main__ | 23 | Succesfully extracted Marketing leads dataset
2026-08-10 20:28:09,779 | INFO |__main__ | 24 | web_logs_pipeline extracted 75000 rows from Source 2
2026-08-10 20:28:09,840 | INFO |__main__ | 36 | Loading Started...........
2026-08-10 20:28:14,751 | INFO |__main__ | 49 | [web_logs_pipeline] loaded 75000 rows into staging.web_logs
2026-08-10 20:28:14,755 | INFO |python.utils.pipeline_utils | 106 | [web_logs_pipeline] run 9f7c6b37025f4d9e9cfe81ab6a1cd348 -> completed (extracted rows=75000, loaded rows=75000)
2026-08-10 20:28:14,755 | INFO |__main__ | 94 | web_logs_pipeline completed
2026-08-10 20:28:19,380 | INFO |python.utils.pipeline_utils | 72 | [marketing_leads_pipeline] run started, run_id = ec36cba4a68e45c492e9e3b62c943b3a
2026-08-10 20:28:19,380 | INFO |__main__ | 18 | Extraction started......
2026-08-10 20:28:19,630 | INFO |__main__ | 22 | Succesfully extracted Marketing leads dataset
2026-08-10 20:28:19,631 | INFO |__main__ | 23 | marketing_leads_pipeline extracted 50000 rows from Source 2
2026-08-10 20:28:23,397 | INFO |__main__ | 48 | [marketing_leads_pipeline] loaded 50000 rows into staging.marketing_leads
2026-08-10 20:28:23,400 | INFO |python.utils.pipeline_utils | 106 | [marketing_leads_pipeline] run ec36cba4a68e45c492e9e3b62c943b3a -> completed (extracted rows=50000, loaded rows=50000)
2026-08-10 20:28:23,400 | INFO |__main__ | 89 | marketing_leads_pipeline completed
2026-08-10 20:31:56,692 | INFO |__main__ | 38 | Daily generator seeded with LIVE_SEED = 1786375916470500300 (logged in metadata.Generation_Seeds)
2026-08-10 20:31:56,695 | INFO |__main__ | 57 | fetching required Datasets....
2026-08-10 20:31:56,914 | INFO |__main__ | 67 | Returning all Datasets....
2026-08-10 20:31:56,914 | INFO |__main__ | 84 | Generating Daily Datasets......
2026-08-10 20:31:56,915 | INFO |python.generators.transaction_generator | 422 | Generating Web Logs...
2026-08-10 20:31:57,164 | INFO |python.generators.transaction_generator | 473 | Succefully generated weblogs : 782
2026-08-10 20:31:57,165 | INFO |python.generators.transaction_generator | 102 | Generating Marketing Leads...
2026-08-10 20:31:57,174 | INFO |python.generators.transaction_generator | 150 | 
marketing_leads Type Distribution:
funnel_stage
New          11
Won           6
Qualified     6
Proposal      3
Contacted     3
Lost          1
Name: count, dtype: int64
2026-08-10 20:31:57,176 | INFO |python.generators.transaction_generator | 161 | Generated 30 marketing leads records successfully!
2026-08-10 20:31:57,178 | INFO |python.generators.transaction_generator | 162 | 
Industry Distribution:
industry
Energy           8
Technology       4
Construction     4
Hospitality      3
Finance          3
Logistics        2
Education        2
Manufacturing    2
Healthcare       1
Retail           1
Name: count, dtype: int64
2026-08-10 20:31:57,179 | INFO |python.generators.transaction_generator | 177 | Generating Orders...
2026-08-10 20:31:57,308 | INFO |python.generators.transaction_generator | 291 | Orders generation successfull, total no. of orders = 42
2026-08-10 20:31:57,309 | INFO |python.generators.transaction_generator | 300 | Generated 36 legacy customer orders and 6 lead-originated orders.
2026-08-10 20:31:57,310 | INFO |python.generators.transaction_generator | 301 | orders data set generated succesfully
2026-08-10 20:31:57,310 | INFO |python.generators.transaction_generator | 303 | Orders with Lead Attribution: 6
2026-08-10 20:31:57,311 | INFO |python.generators.transaction_generator | 305 | Legacy Customer Orders: 36
2026-08-10 20:31:57,311 | INFO |python.generators.transaction_generator | 307 | Returning Orders Data set....
2026-08-10 20:31:57,316 | INFO |python.generators.transaction_generator | 320 | Generating Order Items Leads...
2026-08-10 20:31:57,326 | INFO |python.generators.transaction_generator | 373 | Generated 125 order_items_dataset
2026-08-10 20:31:57,326 | INFO |python.generators.transaction_generator | 374 | order items dataset generated succesfully
2026-08-10 20:31:57,327 | INFO |python.generators.transaction_generator | 375 | Returning Order Items Dataset....
2026-08-10 20:31:57,327 | INFO |python.generators.transaction_generator | 394 | Populating order total in orders table by summing up line totals of order items
2026-08-10 20:31:57,328 | INFO |python.generators.transaction_generator | 409 | Order totals populated successfully
2026-08-10 20:31:57,328 | INFO |__main__ | 103 | Daily Datasets Generated Succesfully!
2026-08-10 20:31:57,328 | INFO |__main__ | 104 | Generated 42 Orders
2026-08-10 20:31:57,329 | INFO |__main__ | 106 | Generated 125 Order Items
2026-08-10 20:31:57,329 | INFO |__main__ | 108 | Generated 30 Leads
2026-08-10 20:31:57,329 | INFO |__main__ | 110 | Generated 782 Web Logs
2026-08-10 20:31:57,329 | INFO |__main__ | 165 | Loading Daily Datasets into Sources
2026-08-10 20:31:57,333 | INFO |__main__ | 170 | Succesfully loaded daily leads in Source 2
2026-08-10 20:31:57,340 | INFO |__main__ | 175 | Succesfully loaded daily web logs in Source 3
2026-08-10 20:31:57,340 | INFO |python.generators.load_to_sqlserver | 11 | Loading datasets into SQL Server...
2026-08-10 20:31:57,340 | INFO |python.generators.load_to_sqlserver | 30 | Loading orders into Orders
2026-08-10 20:31:57,392 | INFO |python.generators.load_to_sqlserver | 30 | Loading order_items into Order_Items
2026-08-10 20:31:57,464 | INFO |python.generators.load_to_sqlserver | 44 | All available datasets loaded successfully
2026-08-10 20:31:57,464 | INFO |__main__ | 179 | Succesfully loaded new daily orders and its order items in Source 1
2026-08-10 20:31:57,465 | INFO |__main__ | 127 | Generating daily updates....
2026-08-10 20:31:57,465 | INFO |__main__ | 191 | Generating company updates
2026-08-10 20:31:57,496 | INFO |__main__ | 245 | Successfully updated 2 companies
2026-08-10 20:31:57,496 | INFO |__main__ | 255 | Generating customer updates
2026-08-10 20:31:57,618 | INFO |__main__ | 286 | Updating Customers....
2026-08-10 20:31:57,653 | INFO |__main__ | 286 | Updating Customers....
2026-08-10 20:31:57,666 | INFO |__main__ | 286 | Updating Customers....
2026-08-10 20:31:57,679 | INFO |__main__ | 306 | Successfully updated customers
2026-08-10 20:31:57,680 | INFO |__main__ | 316 | Generating orders updates
2026-08-10 20:31:57,765 | INFO |__main__ | 331 | Updating Orders....
2026-08-10 20:31:57,915 | INFO |__main__ | 331 | Updating Orders....
2026-08-10 20:31:57,955 | INFO |__main__ | 331 | Updating Orders....
2026-08-10 20:31:57,995 | INFO |__main__ | 331 | Updating Orders....
2026-08-10 20:31:58,038 | INFO |__main__ | 331 | Updating Orders....
2026-08-10 20:31:58,080 | INFO |__main__ | 342 | Successfully updated Orders
2026-08-10 20:31:58,081 | INFO |__main__ | 352 | Generating leads updates
2026-08-10 20:31:58,636 | INFO |__main__ | 380 | Successfully updated 7 marketing leads
2026-08-10 20:31:58,641 | INFO |__main__ | 398 | Daily ingestion and CDC simulation completed successfully.
2026-08-10 20:31:58,641 | INFO |__main__ | 400 | Daily CDC Summary
----------------------------
New Orders: 42
New Order Items: 125
New Leads: 30
New Web Logs: 782

Updated Companies: 2
Updated Customers: 3
Updated Orders: 6
Updated Leads: 7
2026-08-10 20:31:59,871 | INFO |python.utils.pipeline_utils | 72 | [sql_server_pipeline] run started, run_id = eeb2151c552e49418d6bdf3d63ae36ee
2026-08-10 20:31:59,874 | INFO |python.utils.pipeline_utils | 24 | sql_server_pipeline last watermark = 2026-08-10 00:00:00
2026-08-10 20:32:00,094 | INFO |__main__ | 36 | sql_server_pipeline extracted 2 rows from companies
2026-08-10 20:32:00,138 | INFO |__main__ | 36 | sql_server_pipeline extracted 3 rows from customers
2026-08-10 20:32:00,149 | INFO |__main__ | 36 | sql_server_pipeline extracted 0 rows from categories
2026-08-10 20:32:00,161 | INFO |__main__ | 36 | sql_server_pipeline extracted 0 rows from suppliers
2026-08-10 20:32:00,172 | INFO |__main__ | 36 | sql_server_pipeline extracted 0 rows from products
2026-08-10 20:32:00,182 | INFO |__main__ | 36 | sql_server_pipeline extracted 0 rows from supplier_product_mapping
2026-08-10 20:32:00,285 | INFO |__main__ | 36 | sql_server_pipeline extracted 5 rows from orders
2026-08-10 20:32:00,510 | INFO |__main__ | 36 | sql_server_pipeline extracted 0 rows from order_items
2026-08-10 20:32:00,571 | INFO |__main__ | 65 | Loading companies into companies
2026-08-10 20:32:00,599 | INFO |__main__ | 75 | [sql_server_pipeline] loaded 2 rows into staging.companies
2026-08-10 20:32:00,600 | INFO |__main__ | 62 | No rows were extracted
2026-08-10 20:32:00,600 | INFO |__main__ | 65 | Loading customers into customers
2026-08-10 20:32:00,609 | INFO |__main__ | 75 | [sql_server_pipeline] loaded 3 rows into staging.customers
2026-08-10 20:32:00,610 | INFO |__main__ | 62 | No rows were extracted
2026-08-10 20:32:00,610 | INFO |__main__ | 62 | No rows were extracted
2026-08-10 20:32:00,610 | INFO |__main__ | 62 | No rows were extracted
2026-08-10 20:32:00,611 | INFO |__main__ | 65 | Loading orders into orders
2026-08-10 20:32:00,620 | INFO |__main__ | 75 | [sql_server_pipeline] loaded 5 rows into staging.orders
2026-08-10 20:32:00,621 | INFO |__main__ | 62 | No rows were extracted
2026-08-10 20:32:00,621 | INFO |__main__ | 77 | All available datasets loaded successfully
2026-08-10 20:32:00,623 | INFO |python.utils.pipeline_utils | 48 | sql_server_pipeline watermark updated = 2026-08-10 20:31:58.038214
2026-08-10 20:32:00,627 | INFO |python.utils.pipeline_utils | 106 | [sql_server_pipeline] run eeb2151c552e49418d6bdf3d63ae36ee -> completed (extracted rows=10, loaded rows=10)
2026-08-10 20:32:05,445 | INFO |python.utils.pipeline_utils | 72 | [web_logs_pipeline] run started, run_id = 7f5581260e43466993ed795cca6264d9
2026-08-10 20:32:05,446 | INFO |__main__ | 19 | Extraction Started................
2026-08-10 20:32:05,808 | INFO |__main__ | 23 | Succesfully extracted Marketing leads dataset
2026-08-10 20:32:05,808 | INFO |__main__ | 24 | web_logs_pipeline extracted 75782 rows from Source 2
2026-08-10 20:32:05,885 | INFO |__main__ | 36 | Loading Started...........
2026-08-10 20:32:11,422 | INFO |__main__ | 49 | [web_logs_pipeline] loaded 75782 rows into staging.web_logs
2026-08-10 20:32:11,427 | INFO |python.utils.pipeline_utils | 106 | [web_logs_pipeline] run 7f5581260e43466993ed795cca6264d9 -> completed (extracted rows=75782, loaded rows=75782)
2026-08-10 20:32:11,427 | INFO |__main__ | 94 | web_logs_pipeline completed
2026-08-10 20:32:15,986 | INFO |python.utils.pipeline_utils | 72 | [marketing_leads_pipeline] run started, run_id = 6d6e1ab36c764161b95bf472a6e70d19
2026-08-10 20:32:15,986 | INFO |__main__ | 18 | Extraction started......
2026-08-10 20:32:16,268 | INFO |__main__ | 22 | Succesfully extracted Marketing leads dataset
2026-08-10 20:32:16,269 | INFO |__main__ | 23 | marketing_leads_pipeline extracted 50030 rows from Source 2
2026-08-10 20:32:20,553 | INFO |__main__ | 48 | [marketing_leads_pipeline] loaded 50030 rows into staging.marketing_leads
2026-08-10 20:32:20,559 | INFO |python.utils.pipeline_utils | 106 | [marketing_leads_pipeline] run 6d6e1ab36c764161b95bf472a6e70d19 -> completed (extracted rows=50030, loaded rows=50030)
2026-08-10 20:32:20,559 | INFO |__main__ | 89 | marketing_leads_pipeline completed
2026-08-11 16:21:15,972 | INFO |__main__ | 85 | ...........................GENERATING MASTER DATASET..............................
2026-08-11 16:21:22,919 | INFO |__main__ | 442 | Generating all Datasets....
2026-08-11 16:21:22,919 | INFO |__main__ | 149 | Generating Categories.....
2026-08-11 16:21:22,945 | INFO |__main__ | 174 | Generated 10 categories
2026-08-11 16:21:22,945 | INFO |__main__ | 175 | Categories data set generated succesfully
2026-08-11 16:21:22,945 | INFO |__main__ | 176 | Returning Categories Data set....
2026-08-11 16:21:22,945 | INFO |__main__ | 80 | Generating Companies...
2026-08-11 16:21:23,178 | INFO |__main__ | 125 | 
Company Type Distribution:
company_type
Buyer       350
Supplier    150
Name: count, dtype: int64
2026-08-11 16:21:23,180 | INFO |__main__ | 135 | Generated 500 company records successfully!
2026-08-11 16:21:23,182 | INFO |__main__ | 191 | Generating Customers.....
2026-08-11 16:21:26,347 | DEBUG |__main__ | 236 | 
Customers per company:
count    350.000000
mean      45.111429
std       20.752095
min       10.000000
25%       26.000000
50%       45.500000
75%       62.000000
max       80.000000
dtype: float64
2026-08-11 16:21:26,371 | INFO |__main__ | 254 | Generated 15789 customers
2026-08-11 16:21:26,389 | INFO |__main__ | 255 | Customers data set generated succesfully
2026-08-11 16:21:26,389 | INFO |__main__ | 256 | Returning Customers Data set....
2026-08-11 16:21:26,401 | INFO |__main__ | 267 | Generating Products......
2026-08-11 16:21:26,414 | INFO |__main__ | 302 | Starting data validation
2026-08-11 16:21:26,424 | INFO |__main__ | 309 | Generated 96 products
2026-08-11 16:21:26,424 | INFO |__main__ | 310 | Products data set generated succesfully
2026-08-11 16:21:26,424 | INFO |__main__ | 311 | Returning Products Data set....
2026-08-11 16:21:26,426 | INFO |__main__ | 327 | Generating Suppliers.....
2026-08-11 16:21:26,614 | INFO |__main__ | 368 | Generated 150 suppliers
2026-08-11 16:21:26,614 | INFO |__main__ | 369 | Suppliers data set generated succesfully
2026-08-11 16:21:26,614 | INFO |__main__ | 370 | Returning Suppliers Data set....
2026-08-11 16:21:26,614 | INFO |__main__ | 384 | Generating Supplier Product Mapping.....
2026-08-11 16:21:26,685 | INFO |__main__ | 429 | Generated 325 suppliers_product_mappings
2026-08-11 16:21:26,685 | INFO |__main__ | 430 | suppliers_product_mapping data set generated succesfully
2026-08-11 16:21:26,685 | INFO |__main__ | 431 | Returning suppliers_product_mapping Data set....
2026-08-11 16:21:26,688 | INFO |__main__ | 450 | Returning all Datasets....
2026-08-11 16:21:26,688 | INFO |python.generators.load_to_sqlserver | 11 | Loading datasets into SQL Server...
2026-08-11 16:21:26,688 | INFO |python.generators.load_to_sqlserver | 30 | Loading companies into Companies
2026-08-11 16:21:27,948 | INFO |python.generators.load_to_sqlserver | 30 | Loading categories into Categories
2026-08-11 16:21:28,045 | INFO |python.generators.load_to_sqlserver | 30 | Loading customers into Customers
2026-08-11 16:21:47,298 | INFO |python.generators.load_to_sqlserver | 30 | Loading products into Products
2026-08-11 16:21:50,163 | INFO |python.generators.load_to_sqlserver | 30 | Loading suppliers into Suppliers
2026-08-11 16:21:50,232 | INFO |python.generators.load_to_sqlserver | 30 | Loading supplier_product_mapping into Supplier_Product_Mapping
2026-08-11 16:21:50,292 | INFO |python.generators.load_to_sqlserver | 44 | All available datasets loaded successfully
2026-08-11 16:21:54,052 | INFO |__main__ | 88 | ...........................GENERATING TRANSACTIONS DATASET..............................
2026-08-11 16:21:56,183 | INFO |__main__ | 102 | Generating Marketing Leads...
2026-08-11 16:22:11,651 | INFO |__main__ | 150 | 
marketing_leads Type Distribution:
funnel_stage
New            17450
Contacted      12569
Qualified       7569
Proposal        4980
Negotiation     3964
Won             1987
Lost            1481
Name: count, dtype: int64
2026-08-11 16:22:11,699 | INFO |__main__ | 161 | Generated 50000 marketing leads records successfully!
2026-08-11 16:22:11,702 | INFO |__main__ | 162 | 
Industry Distribution:
industry
Technology       5085
Retail           5081
Hospitality      5057
Manufacturing    4993
Finance          4979
Education        4978
Logistics        4974
Healthcare       4968
Construction     4959
Energy           4926
Name: count, dtype: int64
2026-08-11 16:22:11,720 | INFO |__main__ | 422 | Generating Web Logs...
2026-08-11 16:22:32,362 | INFO |__main__ | 473 | Succefully generated weblogs : 75000
2026-08-11 16:22:32,394 | INFO |__main__ | 536 | Fetching required datasets to generate orders and order_items
2026-08-11 16:22:45,057 | INFO |__main__ | 177 | Generating Orders...
2026-08-11 16:22:48,577 | INFO |__main__ | 291 | Orders generation successfull, total no. of orders = 31987
2026-08-11 16:22:48,594 | INFO |__main__ | 300 | Generated 30000 legacy customer orders and 1987 lead-originated orders.
2026-08-11 16:22:48,594 | INFO |__main__ | 301 | orders data set generated succesfully
2026-08-11 16:22:48,594 | INFO |__main__ | 303 | Orders with Lead Attribution: 1987
2026-08-11 16:22:48,594 | INFO |__main__ | 305 | Legacy Customer Orders: 30000
2026-08-11 16:22:48,594 | INFO |__main__ | 307 | Returning Orders Data set....
2026-08-11 16:22:48,612 | INFO |__main__ | 320 | Generating Order Items Leads...
2026-08-11 16:22:52,032 | INFO |__main__ | 373 | Generated 95808 order_items_dataset
2026-08-11 16:22:52,032 | INFO |__main__ | 374 | order items dataset generated succesfully
2026-08-11 16:22:52,032 | INFO |__main__ | 375 | Returning Order Items Dataset....
2026-08-11 16:22:52,058 | INFO |__main__ | 394 | Populating order total in orders table by summing up line totals of order items
2026-08-11 16:22:52,156 | INFO |__main__ | 409 | Order totals populated successfully
2026-08-11 16:22:52,156 | INFO |__main__ | 545 | Returning all Datasets....
2026-08-11 16:22:52,164 | INFO |python.generators.load_to_sqlserver | 11 | Loading datasets into SQL Server...
2026-08-11 16:22:52,164 | INFO |python.generators.load_to_sqlserver | 30 | Loading orders into Orders
2026-08-11 16:22:54,461 | INFO |python.generators.load_to_sqlserver | 30 | Loading order_items into Order_Items
2026-08-11 16:23:01,297 | INFO |python.generators.load_to_sqlserver | 44 | All available datasets loaded successfully
2026-08-11 16:23:01,297 | INFO |__main__ | 489 | Loading Marketing Dataset to File.csv........
2026-08-11 16:23:01,805 | INFO |__main__ | 491 | Successfully loaded Marketing Leads Dataset to File
2026-08-11 16:23:01,805 | INFO |__main__ | 497 | Loading Web Logs Dataset to File.csv........
2026-08-11 16:23:02,405 | INFO |__main__ | 499 | Successfully loaded Web logs Dataset to File
2026-08-11 16:23:05,202 | INFO |__main__ | 91 | ...........................RUNNING SOURCE 1 (SQL SERVER) PIPELINE (LOAD TO STAGGING)..............................
2026-08-11 16:23:06,745 | INFO |python.utils.pipeline_utils | 72 | [sql_server_pipeline] run started, run_id = 8f4fbe13294c41ddabd47d974dd3e0f3
2026-08-11 16:23:06,764 | INFO |python.utils.pipeline_utils | 24 | sql_server_pipeline last watermark = 2026-08-10 20:31:58.038214
2026-08-11 16:23:07,106 | INFO |__main__ | 36 | sql_server_pipeline extracted 2 rows from companies
2026-08-11 16:23:07,178 | INFO |__main__ | 36 | sql_server_pipeline extracted 125 rows from customers
2026-08-11 16:23:07,196 | INFO |__main__ | 36 | sql_server_pipeline extracted 0 rows from categories
2026-08-11 16:23:07,207 | INFO |__main__ | 36 | sql_server_pipeline extracted 0 rows from suppliers
2026-08-11 16:23:07,221 | INFO |__main__ | 36 | sql_server_pipeline extracted 0 rows from products
2026-08-11 16:23:07,247 | INFO |__main__ | 36 | sql_server_pipeline extracted 2 rows from supplier_product_mapping
2026-08-11 16:23:07,345 | INFO |__main__ | 36 | sql_server_pipeline extracted 845 rows from orders
2026-08-11 16:23:07,596 | INFO |__main__ | 36 | sql_server_pipeline extracted 2539 rows from order_items
2026-08-11 16:23:07,668 | INFO |__main__ | 65 | Loading companies into companies
2026-08-11 16:23:07,692 | INFO |__main__ | 75 | [sql_server_pipeline] loaded 2 rows into staging.companies
2026-08-11 16:23:07,692 | INFO |__main__ | 62 | No rows were extracted
2026-08-11 16:23:07,692 | INFO |__main__ | 65 | Loading customers into customers
2026-08-11 16:23:07,710 | INFO |__main__ | 75 | [sql_server_pipeline] loaded 125 rows into staging.customers
2026-08-11 16:23:07,710 | INFO |__main__ | 62 | No rows were extracted
2026-08-11 16:23:07,710 | INFO |__main__ | 62 | No rows were extracted
2026-08-11 16:23:07,710 | INFO |__main__ | 65 | Loading supplier_product_mapping into supplier_product_mapping
2026-08-11 16:23:07,720 | INFO |__main__ | 75 | [sql_server_pipeline] loaded 2 rows into staging.supplier_product_mapping
2026-08-11 16:23:07,720 | INFO |__main__ | 65 | Loading orders into orders
2026-08-11 16:23:07,796 | INFO |__main__ | 75 | [sql_server_pipeline] loaded 845 rows into staging.orders
2026-08-11 16:23:07,796 | INFO |__main__ | 65 | Loading order_items into order_items
2026-08-11 16:23:08,121 | INFO |__main__ | 75 | [sql_server_pipeline] loaded 2539 rows into staging.order_items
2026-08-11 16:23:08,121 | INFO |__main__ | 77 | All available datasets loaded successfully
2026-08-11 16:23:08,127 | INFO |python.utils.pipeline_utils | 48 | sql_server_pipeline watermark updated = 2026-08-11 00:00:00
2026-08-11 16:23:08,134 | INFO |python.utils.pipeline_utils | 106 | [sql_server_pipeline] run 8f4fbe13294c41ddabd47d974dd3e0f3 -> completed (extracted rows=3513, loaded rows=3513)
2026-08-11 16:23:10,942 | INFO |__main__ | 94 | ...........................RUNNING SOURCE 2 (MARKETING LEADS) PIPELINE (LOAD TO STAGGING)..............................
2026-08-11 16:23:12,382 | INFO |python.utils.pipeline_utils | 72 | [marketing_leads_pipeline] run started, run_id = ad8cb6417ef14779b5bb9438d9652239
2026-08-11 16:23:12,382 | INFO |__main__ | 18 | Extraction started......
2026-08-11 16:23:12,783 | INFO |__main__ | 22 | Succesfully extracted Marketing leads dataset
2026-08-11 16:23:12,783 | INFO |__main__ | 23 | marketing_leads_pipeline extracted 50000 rows from Source 2
2026-08-11 16:23:17,959 | INFO |__main__ | 48 | [marketing_leads_pipeline] loaded 50000 rows into staging.marketing_leads
2026-08-11 16:23:17,959 | INFO |python.utils.pipeline_utils | 106 | [marketing_leads_pipeline] run ad8cb6417ef14779b5bb9438d9652239 -> completed (extracted rows=50000, loaded rows=50000)
2026-08-11 16:23:17,959 | INFO |__main__ | 89 | marketing_leads_pipeline completed
2026-08-11 16:23:20,525 | INFO |__main__ | 97 | ...........................RUNNING SOURCE 3 (WEB LOGS) PIPELINE (LOAD TO STAGGING)..............................
2026-08-11 16:23:21,981 | INFO |python.utils.pipeline_utils | 72 | [web_logs_pipeline] run started, run_id = 9aa4e2406c744c108adec2f50682205f
2026-08-11 16:23:21,981 | INFO |__main__ | 19 | Extraction Started................
2026-08-11 16:23:22,462 | INFO |__main__ | 23 | Succesfully extracted Marketing leads dataset
2026-08-11 16:23:22,463 | INFO |__main__ | 24 | web_logs_pipeline extracted 75000 rows from Source 2
2026-08-11 16:23:22,550 | INFO |__main__ | 36 | Loading Started...........
2026-08-11 16:23:29,498 | INFO |__main__ | 49 | [web_logs_pipeline] loaded 75000 rows into staging.web_logs
2026-08-11 16:23:29,502 | INFO |python.utils.pipeline_utils | 106 | [web_logs_pipeline] run 9aa4e2406c744c108adec2f50682205f -> completed (extracted rows=75000, loaded rows=75000)
2026-08-11 16:23:29,502 | INFO |__main__ | 94 | web_logs_pipeline completed
2026-08-11 16:23:32,222 | INFO |__main__ | 100 | ...........................RUNNING TRANSFORM (LOAD TO INTERMEDIATE)...........................................
2026-08-11 16:23:32,222 | INFO |__main__ | 30 | ...........................TRANSFORMING AND MERGING INTO INTERMEDIATE LAYER..............................
2026-08-11 16:23:32,308 | INFO |__main__ | 54 | Executing Transform_companies.sql
2026-08-11 16:23:32,372 | INFO |__main__ | 63 | Transform_companies.sql completed successfully
2026-08-11 16:23:32,372 | INFO |__main__ | 54 | Executing Transform_categories.sql
2026-08-11 16:23:32,375 | INFO |__main__ | 63 | Transform_categories.sql completed successfully
2026-08-11 16:23:32,375 | INFO |__main__ | 54 | Executing Transform_customers.sql
2026-08-11 16:23:32,403 | INFO |__main__ | 63 | Transform_customers.sql completed successfully
2026-08-11 16:23:32,403 | INFO |__main__ | 54 | Executing Transform_suppliers.sql
2026-08-11 16:23:32,418 | INFO |__main__ | 63 | Transform_suppliers.sql completed successfully
2026-08-11 16:23:32,418 | INFO |__main__ | 54 | Executing Transform_products.sql
2026-08-11 16:23:32,427 | INFO |__main__ | 63 | Transform_products.sql completed successfully
2026-08-11 16:23:32,427 | INFO |__main__ | 54 | Executing Transform_supplier_product_mapping.sql
2026-08-11 16:23:32,436 | INFO |__main__ | 63 | Transform_supplier_product_mapping.sql completed successfully
2026-08-11 16:23:32,436 | INFO |__main__ | 54 | Executing Transform_marketing_leads.sql
2026-08-11 16:23:33,894 | INFO |__main__ | 63 | Transform_marketing_leads.sql completed successfully
2026-08-11 16:23:33,894 | INFO |__main__ | 54 | Executing Transform_orders.sql
2026-08-11 16:23:33,935 | INFO |__main__ | 63 | Transform_orders.sql completed successfully
2026-08-11 16:23:33,935 | INFO |__main__ | 54 | Executing Transform_order_items.sql
2026-08-11 16:23:33,956 | INFO |__main__ | 63 | Transform_order_items.sql completed successfully
2026-08-11 16:23:33,956 | INFO |__main__ | 54 | Executing Transform_web_logs.sql
2026-08-11 16:23:33,964 | ERROR |__main__ | 71 | Intermediate transformation failed. Transaction rolled back.
Traceback (most recent call last):
  File "C:\Users\Kazim Raza\AppData\Roaming\Python\Python310\site-packages\sqlalchemy\engine\base.py", line 1967, in _exec_single_context
    self.dialect.do_execute(
  File "C:\Users\Kazim Raza\AppData\Roaming\Python\Python310\site-packages\sqlalchemy\engine\default.py", line 952, in do_execute
    cursor.execute(statement, parameters)
psycopg2.errors.UndefinedColumn: column target.updated_at does not exist
LINE 106: AND target.updated_at < source.updated_at THEN
              ^


The above exception was the direct cause of the following exception:

Traceback (most recent call last):
  File "D:\Courses\Data Engineer\Internship_DataRopes\DE-Internship-Project\B2B-Data-Engineering-Platform\python\pipelines\run_pipeline.py", line 61, in run_transform
    connection.execute(text(sql_script))
  File "C:\Users\Kazim Raza\AppData\Roaming\Python\Python310\site-packages\sqlalchemy\engine\base.py", line 1419, in execute
    return meth(
  File "C:\Users\Kazim Raza\AppData\Roaming\Python\Python310\site-packages\sqlalchemy\sql\elements.py", line 527, in _execute_on_connection
    return connection._execute_clauseelement(
  File "C:\Users\Kazim Raza\AppData\Roaming\Python\Python310\site-packages\sqlalchemy\engine\base.py", line 1641, in _execute_clauseelement
    ret = self._execute_context(
  File "C:\Users\Kazim Raza\AppData\Roaming\Python\Python310\site-packages\sqlalchemy\engine\base.py", line 1846, in _execute_context
    return self._exec_single_context(
  File "C:\Users\Kazim Raza\AppData\Roaming\Python\Python310\site-packages\sqlalchemy\engine\base.py", line 1986, in _exec_single_context
    self._handle_dbapi_exception(
  File "C:\Users\Kazim Raza\AppData\Roaming\Python\Python310\site-packages\sqlalchemy\engine\base.py", line 2363, in _handle_dbapi_exception
    raise sqlalchemy_exception.with_traceback(exc_info[2]) from e
  File "C:\Users\Kazim Raza\AppData\Roaming\Python\Python310\site-packages\sqlalchemy\engine\base.py", line 1967, in _exec_single_context
    self.dialect.do_execute(
  File "C:\Users\Kazim Raza\AppData\Roaming\Python\Python310\site-packages\sqlalchemy\engine\default.py", line 952, in do_execute
    cursor.execute(statement, parameters)
sqlalchemy.exc.ProgrammingError: (psycopg2.errors.UndefinedColumn) column target.updated_at does not exist
LINE 106: AND target.updated_at < source.updated_at THEN
              ^

[SQL: -- ============================================================
-- WEB LOGS TRANSFORMATION
-- staging → intermediate
-- ============================================================
-- FILE: transform_web_logs.sql
-- PURPOSE:
--     Transform staging.web_logs into intermediate.web_logs
--
-- PIPELINE:
--     staging.web_logs
--        ↓
--     latest record per log_id
--        ↓
--     cleaning / normalization
--        ↓
--     business validation
--        ↓
--     MERGE into intermediate.web_logs
--
-- DESIGN GOALS:
--     - Keep the latest source record
--     - Normalize whitespace / empty strings
--     - Handle textual missing values
--     - Validate company business rules
--     - Make the load idempotent
-- ============================================================
/* ============================================================================
   10. WEB LOGS
   ============================================================================ */

WITH latest_logs AS (
	-- ====================================================
	-- 1. DEDUPLICATION
	-- ====================================================
    SELECT
        log_id,
        country,
        city,
        log_timestamp,
        client_ip,
        auth_user,
        session_id,
        http_method,
        request_path,
        status_code,
        bytes_sent,
        referer,
        device_type,
        browser,
        is_bot,
        ROW_NUMBER() OVER (PARTITION BY log_id ORDER BY _loaded_at DESC) AS rn
    FROM staging.web_logs
    WHERE log_id IS NOT NULL
),

cleaned_logs AS (
	-- ====================================================
	-- 2. CLEANING / NORMALIZATION
	-- ====================================================
    SELECT
        log_id,
        NULLIF(TRIM(country), '') AS country,
        NULLIF(TRIM(city), '') AS city,
        log_timestamp,
        NULLIF(TRIM(client_ip), '') AS client_ip,
        NULLIF(TRIM(auth_user), '') AS auth_user,
        session_id,
        UPPER(NULLIF(TRIM(http_method), '')) AS http_method,
        NULLIF(TRIM(request_path), '') AS request_path,
        status_code,
        bytes_sent,
        NULLIF(TRIM(referer), '') AS referer,
        NULLIF(TRIM(device_type), '') AS device_type,
        NULLIF(TRIM(browser), '') AS browser,
        is_bot
    FROM latest_logs
    WHERE rn = 1
),

validate_logs AS (
	-- ====================================================
	-- 3. BUSINESS VALIDATION
	-- ====================================================
    SELECT *
    FROM cleaned_logs
    WHERE country IS NOT NULL
      AND city IS NOT NULL
      AND log_timestamp IS NOT NULL
      AND client_ip IS NOT NULL
      AND session_id IS NOT NULL
      AND http_method IN ('GET','POST','PUT','DELETE')
      AND request_path IS NOT NULL
      AND status_code BETWEEN 100 AND 599
      AND bytes_sent >= 0
      AND referer IS NOT NULL
      AND device_type IS NOT NULL
      AND browser IS NOT NULL
)

MERGE INTO intermediate.web_logs AS target
USING validate_logs AS source
ON target.log_id = source.log_id


WHEN MATCHED 
AND target.updated_at < source.updated_at THEN
	UPDATE SET
	-- ============================================================
	-- 4. UPDATE EXISTING ORDER_ITEMS
	-- ============================================================
		country = source.country,
        city = source.city,
        log_timestamp = source.log_timestamp,
        client_ip = source.client_ip,
        auth_user = source.auth_user,
        session_id = source.session_id,
        http_method = source.http_method,
        request_path = source.request_path,
        status_code = source.status_code,
        bytes_sent = source.bytes_sent,
        referer = source.referer,
        device_type = source.device_type,
        browser = source.browser,
        is_bot = source.is_bot

WHEN NOT MATCHED THEN
	INSERT(
	-- ============================================================
	-- 5. INSERT NEW ORDER_ITEMS
	-- ============================================================
		log_id,
		country,
		city,
		log_timestamp,
		client_ip,
		auth_user,
		session_id,
		http_method,
		request_path,
		status_code,
		bytes_sent,
		referer,
		device_type,
		browser,
		is_bot
	)
	VALUES (
		source.log_id,
		source.country,
		source.city,
		source.log_timestamp,
		source.client_ip,
		source.auth_user,
		source.session_id,
		source.http_method,
		source.request_path,
		source.status_code,
		source.bytes_sent,
		source.referer,
		source.device_type,
		source.browser,
		source.is_bot
	);


]
(Background on this error at: https://sqlalche.me/e/20/f405)
2026-08-11 16:57:52,164 | INFO |__main__ | 85 | ...........................GENERATING MASTER DATASET..............................
2026-08-11 17:01:31,646 | INFO |__main__ | 85 | ...........................GENERATING MASTER DATASET..............................
2026-08-11 17:01:34,702 | INFO |__main__ | 442 | Generating all Datasets....
2026-08-11 17:01:34,702 | INFO |__main__ | 149 | Generating Categories.....
2026-08-11 17:01:34,720 | INFO |__main__ | 174 | Generated 10 categories
2026-08-11 17:01:34,720 | INFO |__main__ | 175 | Categories data set generated succesfully
2026-08-11 17:01:34,720 | INFO |__main__ | 176 | Returning Categories Data set....
2026-08-11 17:01:34,720 | INFO |__main__ | 80 | Generating Companies...
2026-08-11 17:01:34,973 | INFO |__main__ | 125 | 
Company Type Distribution:
company_type
Buyer       350
Supplier    150
Name: count, dtype: int64
2026-08-11 17:01:34,973 | INFO |__main__ | 135 | Generated 500 company records successfully!
2026-08-11 17:01:34,979 | INFO |__main__ | 191 | Generating Customers.....
2026-08-11 17:01:37,810 | DEBUG |__main__ | 236 | 
Customers per company:
count    350.000000
mean      45.111429
std       20.752095
min       10.000000
25%       26.000000
50%       45.500000
75%       62.000000
max       80.000000
dtype: float64
2026-08-11 17:01:37,822 | INFO |__main__ | 254 | Generated 15789 customers
2026-08-11 17:01:37,822 | INFO |__main__ | 255 | Customers data set generated succesfully
2026-08-11 17:01:37,822 | INFO |__main__ | 256 | Returning Customers Data set....
2026-08-11 17:01:37,828 | INFO |__main__ | 267 | Generating Products......
2026-08-11 17:01:37,848 | INFO |__main__ | 302 | Starting data validation
2026-08-11 17:01:37,856 | INFO |__main__ | 309 | Generated 96 products
2026-08-11 17:01:37,856 | INFO |__main__ | 310 | Products data set generated succesfully
2026-08-11 17:01:37,856 | INFO |__main__ | 311 | Returning Products Data set....
2026-08-11 17:01:37,856 | INFO |__main__ | 327 | Generating Suppliers.....
2026-08-11 17:01:37,992 | INFO |__main__ | 368 | Generated 150 suppliers
2026-08-11 17:01:37,992 | INFO |__main__ | 369 | Suppliers data set generated succesfully
2026-08-11 17:01:37,992 | INFO |__main__ | 370 | Returning Suppliers Data set....
2026-08-11 17:01:37,992 | INFO |__main__ | 384 | Generating Supplier Product Mapping.....
2026-08-11 17:01:38,034 | INFO |__main__ | 429 | Generated 325 suppliers_product_mappings
2026-08-11 17:01:38,034 | INFO |__main__ | 430 | suppliers_product_mapping data set generated succesfully
2026-08-11 17:01:38,034 | INFO |__main__ | 431 | Returning suppliers_product_mapping Data set....
2026-08-11 17:01:38,034 | INFO |__main__ | 450 | Returning all Datasets....
2026-08-11 17:01:38,034 | INFO |python.generators.load_to_sqlserver | 11 | Loading datasets into SQL Server...
2026-08-11 17:01:38,034 | INFO |python.generators.load_to_sqlserver | 30 | Loading companies into Companies
2026-08-11 17:01:38,716 | INFO |python.generators.load_to_sqlserver | 30 | Loading categories into Categories
2026-08-11 17:01:38,825 | INFO |python.generators.load_to_sqlserver | 30 | Loading customers into Customers
2026-08-11 17:01:43,867 | INFO |python.generators.load_to_sqlserver | 30 | Loading products into Products
2026-08-11 17:01:43,924 | INFO |python.generators.load_to_sqlserver | 30 | Loading suppliers into Suppliers
2026-08-11 17:01:43,964 | INFO |python.generators.load_to_sqlserver | 30 | Loading supplier_product_mapping into Supplier_Product_Mapping
2026-08-11 17:01:44,019 | INFO |python.generators.load_to_sqlserver | 44 | All available datasets loaded successfully
2026-08-11 17:01:47,707 | INFO |__main__ | 88 | ...........................GENERATING TRANSACTIONS DATASET..............................
2026-08-11 17:01:49,849 | INFO |__main__ | 102 | Generating Marketing Leads...
2026-08-11 17:02:06,110 | INFO |__main__ | 150 | 
marketing_leads Type Distribution:
funnel_stage
New            17450
Contacted      12569
Qualified       7569
Proposal        4980
Negotiation     3964
Won             1987
Lost            1481
Name: count, dtype: int64
2026-08-11 17:02:06,200 | INFO |__main__ | 161 | Generated 50000 marketing leads records successfully!
2026-08-11 17:02:06,210 | INFO |__main__ | 162 | 
Industry Distribution:
industry
Technology       5085
Retail           5081
Hospitality      5057
Manufacturing    4993
Finance          4979
Education        4978
Logistics        4974
Healthcare       4968
Construction     4959
Energy           4926
Name: count, dtype: int64
2026-08-11 17:02:06,232 | INFO |__main__ | 422 | Generating Web Logs...
2026-08-11 17:02:41,608 | INFO |__main__ | 473 | Succefully generated weblogs : 75000
2026-08-11 17:02:41,656 | INFO |__main__ | 536 | Fetching required datasets to generate orders and order_items
2026-08-11 17:02:42,329 | INFO |__main__ | 177 | Generating Orders...
2026-08-11 17:02:47,947 | INFO |__main__ | 291 | Orders generation successfull, total no. of orders = 31987
2026-08-11 17:02:47,971 | INFO |__main__ | 300 | Generated 30000 legacy customer orders and 1987 lead-originated orders.
2026-08-11 17:02:47,971 | INFO |__main__ | 301 | orders data set generated succesfully
2026-08-11 17:02:47,971 | INFO |__main__ | 303 | Orders with Lead Attribution: 1987
2026-08-11 17:02:47,982 | INFO |__main__ | 305 | Legacy Customer Orders: 30000
2026-08-11 17:02:47,982 | INFO |__main__ | 307 | Returning Orders Data set....
2026-08-11 17:02:48,004 | INFO |__main__ | 320 | Generating Order Items Leads...
2026-08-11 17:02:53,441 | INFO |__main__ | 373 | Generated 95808 order_items_dataset
2026-08-11 17:02:53,441 | INFO |__main__ | 374 | order items dataset generated succesfully
2026-08-11 17:02:53,441 | INFO |__main__ | 375 | Returning Order Items Dataset....
2026-08-11 17:02:53,474 | INFO |__main__ | 394 | Populating order total in orders table by summing up line totals of order items
2026-08-11 17:02:53,609 | INFO |__main__ | 409 | Order totals populated successfully
2026-08-11 17:02:53,609 | INFO |__main__ | 545 | Returning all Datasets....
2026-08-11 17:02:53,616 | INFO |python.generators.load_to_sqlserver | 11 | Loading datasets into SQL Server...
2026-08-11 17:02:53,616 | INFO |python.generators.load_to_sqlserver | 30 | Loading orders into Orders
2026-08-11 17:03:04,030 | INFO |python.generators.load_to_sqlserver | 30 | Loading order_items into Order_Items
2026-08-11 17:03:11,712 | INFO |python.generators.load_to_sqlserver | 44 | All available datasets loaded successfully
2026-08-11 17:03:11,712 | INFO |__main__ | 489 | Loading Marketing Dataset to File.csv........
2026-08-11 17:03:12,263 | INFO |__main__ | 491 | Successfully loaded Marketing Leads Dataset to File
2026-08-11 17:03:12,263 | INFO |__main__ | 497 | Loading Web Logs Dataset to File.csv........
2026-08-11 17:03:12,860 | INFO |__main__ | 499 | Successfully loaded Web logs Dataset to File
2026-08-11 17:03:15,590 | INFO |__main__ | 91 | ...........................RUNNING SOURCE 1 (SQL SERVER) PIPELINE (LOAD TO STAGGING)..............................
2026-08-11 17:03:17,276 | INFO |python.utils.pipeline_utils | 72 | [sql_server_pipeline] run started, run_id = ce3c27cb11c5435aa7298ed4b88a1122
2026-08-11 17:03:17,281 | INFO |python.utils.pipeline_utils | 24 | sql_server_pipeline last watermark = None
2026-08-11 17:03:17,584 | INFO |__main__ | 36 | sql_server_pipeline extracted 500 rows from companies
2026-08-11 17:03:17,784 | INFO |__main__ | 36 | sql_server_pipeline extracted 15789 rows from customers
2026-08-11 17:03:17,802 | INFO |__main__ | 36 | sql_server_pipeline extracted 10 rows from categories
2026-08-11 17:03:17,814 | INFO |__main__ | 36 | sql_server_pipeline extracted 150 rows from suppliers
2026-08-11 17:03:17,829 | INFO |__main__ | 36 | sql_server_pipeline extracted 96 rows from products
2026-08-11 17:03:17,843 | INFO |__main__ | 36 | sql_server_pipeline extracted 325 rows from supplier_product_mapping
2026-08-11 17:03:18,338 | INFO |__main__ | 36 | sql_server_pipeline extracted 31987 rows from orders
2026-08-11 17:03:19,882 | INFO |__main__ | 36 | sql_server_pipeline extracted 95808 rows from order_items
2026-08-11 17:03:20,043 | INFO |__main__ | 65 | Loading companies into companies
2026-08-11 17:03:20,135 | INFO |__main__ | 75 | [sql_server_pipeline] loaded 500 rows into staging.companies
2026-08-11 17:03:20,135 | INFO |__main__ | 65 | Loading categories into categories
2026-08-11 17:03:20,143 | INFO |__main__ | 75 | [sql_server_pipeline] loaded 10 rows into staging.categories
2026-08-11 17:03:20,143 | INFO |__main__ | 65 | Loading customers into customers
2026-08-11 17:03:21,680 | INFO |__main__ | 75 | [sql_server_pipeline] loaded 15789 rows into staging.customers
2026-08-11 17:03:21,681 | INFO |__main__ | 65 | Loading products into products
2026-08-11 17:03:21,714 | INFO |__main__ | 75 | [sql_server_pipeline] loaded 96 rows into staging.products
2026-08-11 17:03:21,715 | INFO |__main__ | 65 | Loading suppliers into suppliers
2026-08-11 17:03:21,732 | INFO |__main__ | 75 | [sql_server_pipeline] loaded 150 rows into staging.suppliers
2026-08-11 17:03:21,732 | INFO |__main__ | 65 | Loading supplier_product_mapping into supplier_product_mapping
2026-08-11 17:03:21,791 | INFO |__main__ | 75 | [sql_server_pipeline] loaded 325 rows into staging.supplier_product_mapping
2026-08-11 17:03:21,791 | INFO |__main__ | 65 | Loading orders into orders
2026-08-11 17:03:24,160 | INFO |__main__ | 75 | [sql_server_pipeline] loaded 31987 rows into staging.orders
2026-08-11 17:03:24,160 | INFO |__main__ | 65 | Loading order_items into order_items
2026-08-11 17:03:30,390 | INFO |__main__ | 75 | [sql_server_pipeline] loaded 95808 rows into staging.order_items
2026-08-11 17:03:30,390 | INFO |__main__ | 77 | All available datasets loaded successfully
2026-08-11 17:03:30,403 | INFO |python.utils.pipeline_utils | 48 | sql_server_pipeline watermark updated = 2026-08-11 00:00:00
2026-08-11 17:03:30,408 | INFO |python.utils.pipeline_utils | 106 | [sql_server_pipeline] run ce3c27cb11c5435aa7298ed4b88a1122 -> completed (extracted rows=144665, loaded rows=144665)
2026-08-11 17:03:33,017 | INFO |__main__ | 94 | ...........................RUNNING SOURCE 2 (MARKETING LEADS) PIPELINE (LOAD TO STAGGING)..............................
2026-08-11 17:03:34,545 | INFO |python.utils.pipeline_utils | 72 | [marketing_leads_pipeline] run started, run_id = 9ddf267147624f8cb8fc61e28b451e92
2026-08-11 17:03:34,545 | INFO |__main__ | 18 | Extraction started......
2026-08-11 17:03:34,792 | INFO |__main__ | 22 | Succesfully extracted Marketing leads dataset
2026-08-11 17:03:34,792 | INFO |__main__ | 23 | marketing_leads_pipeline extracted 50000 rows from Source 2
2026-08-11 17:03:38,559 | INFO |__main__ | 48 | [marketing_leads_pipeline] loaded 50000 rows into staging.marketing_leads
2026-08-11 17:03:38,562 | INFO |python.utils.pipeline_utils | 106 | [marketing_leads_pipeline] run 9ddf267147624f8cb8fc61e28b451e92 -> completed (extracted rows=50000, loaded rows=50000)
2026-08-11 17:03:38,562 | INFO |__main__ | 89 | marketing_leads_pipeline completed
2026-08-11 17:03:42,471 | INFO |__main__ | 97 | ...........................RUNNING SOURCE 3 (WEB LOGS) PIPELINE (LOAD TO STAGGING)..............................
2026-08-11 17:03:43,791 | INFO |python.utils.pipeline_utils | 72 | [web_logs_pipeline] run started, run_id = 0ee1b598d64746eb86e87bd371511149
2026-08-11 17:03:43,793 | INFO |__main__ | 19 | Extraction Started................
2026-08-11 17:03:44,149 | INFO |__main__ | 23 | Succesfully extracted Marketing leads dataset
2026-08-11 17:03:44,149 | INFO |__main__ | 24 | web_logs_pipeline extracted 75000 rows from Source 2
2026-08-11 17:03:44,215 | INFO |__main__ | 36 | Loading Started...........
2026-08-11 17:03:49,069 | INFO |__main__ | 49 | [web_logs_pipeline] loaded 75000 rows into staging.web_logs
2026-08-11 17:03:49,072 | INFO |python.utils.pipeline_utils | 106 | [web_logs_pipeline] run 0ee1b598d64746eb86e87bd371511149 -> completed (extracted rows=75000, loaded rows=75000)
2026-08-11 17:03:49,075 | INFO |__main__ | 94 | web_logs_pipeline completed
2026-08-11 17:03:52,147 | INFO |__main__ | 100 | ...........................RUNNING TRANSFORM (LOAD TO INTERMEDIATE)...........................................
2026-08-11 17:03:52,148 | INFO |__main__ | 30 | ...........................TRANSFORMING AND MERGING INTO INTERMEDIATE LAYER..............................
2026-08-11 17:03:52,214 | INFO |__main__ | 54 | Executing Transform_companies.sql
2026-08-11 17:03:52,251 | INFO |__main__ | 63 | Transform_companies.sql completed successfully
2026-08-11 17:03:52,252 | INFO |__main__ | 54 | Executing Transform_categories.sql
2026-08-11 17:03:52,258 | INFO |__main__ | 63 | Transform_categories.sql completed successfully
2026-08-11 17:03:52,259 | INFO |__main__ | 54 | Executing Transform_customers.sql
2026-08-11 17:03:52,834 | INFO |__main__ | 63 | Transform_customers.sql completed successfully
2026-08-11 17:03:52,834 | INFO |__main__ | 54 | Executing Transform_suppliers.sql
2026-08-11 17:03:52,844 | INFO |__main__ | 63 | Transform_suppliers.sql completed successfully
2026-08-11 17:03:52,844 | INFO |__main__ | 54 | Executing Transform_products.sql
2026-08-11 17:03:52,853 | INFO |__main__ | 63 | Transform_products.sql completed successfully
2026-08-11 17:03:52,854 | INFO |__main__ | 54 | Executing Transform_supplier_product_mapping.sql
2026-08-11 17:03:52,876 | INFO |__main__ | 63 | Transform_supplier_product_mapping.sql completed successfully
2026-08-11 17:03:52,876 | INFO |__main__ | 54 | Executing Transform_marketing_leads.sql
2026-08-11 17:03:53,885 | INFO |__main__ | 63 | Transform_marketing_leads.sql completed successfully
2026-08-11 17:03:53,885 | INFO |__main__ | 54 | Executing Transform_orders.sql
2026-08-11 17:04:22,745 | INFO |__main__ | 63 | Transform_orders.sql completed successfully
2026-08-11 17:04:22,745 | INFO |__main__ | 54 | Executing Transform_order_items.sql
2026-08-11 17:04:33,886 | INFO |__main__ | 63 | Transform_order_items.sql completed successfully
2026-08-11 17:04:33,886 | INFO |__main__ | 54 | Executing Transform_web_logs.sql
2026-08-11 17:04:37,328 | INFO |__main__ | 63 | Transform_web_logs.sql completed successfully
2026-08-11 17:04:37,332 | INFO |__main__ | 65 | All Intermediate transformations committed successfully.
2026-08-11 17:05:30,532 | INFO |__main__ | 107 | ...........................GENERATING NEW INCREMENTAL DATASET..............................
2026-08-11 17:05:32,164 | INFO |__main__ | 38 | Daily generator seeded with LIVE_SEED = 1786449932082856700 (logged in metadata.Generation_Seeds)
2026-08-11 17:05:32,169 | INFO |__main__ | 57 | fetching required Datasets....
2026-08-11 17:05:32,361 | INFO |__main__ | 67 | Returning all Datasets....
2026-08-11 17:05:32,362 | INFO |__main__ | 84 | Generating Daily Datasets......
2026-08-11 17:05:32,362 | INFO |python.generators.transaction_generator | 422 | Generating Web Logs...
2026-08-11 17:05:32,614 | INFO |python.generators.transaction_generator | 473 | Succefully generated weblogs : 982
2026-08-11 17:05:32,616 | INFO |python.generators.transaction_generator | 102 | Generating Marketing Leads...
2026-08-11 17:05:32,623 | INFO |python.generators.transaction_generator | 150 | 
marketing_leads Type Distribution:
funnel_stage
Contacted      7
New            7
Proposal       3
Negotiation    2
Lost           2
Qualified      1
Won            1
Name: count, dtype: int64
2026-08-11 17:05:32,624 | INFO |python.generators.transaction_generator | 161 | Generated 23 marketing leads records successfully!
2026-08-11 17:05:32,625 | INFO |python.generators.transaction_generator | 162 | 
Industry Distribution:
industry
Manufacturing    4
Finance          4
Retail           4
Construction     3
Technology       2
Energy           2
Education        1
Healthcare       1
Hospitality      1
Logistics        1
Name: count, dtype: int64
2026-08-11 17:05:32,625 | INFO |python.generators.transaction_generator | 177 | Generating Orders...
2026-08-11 17:05:32,784 | INFO |python.generators.transaction_generator | 291 | Orders generation successfull, total no. of orders = 50
2026-08-11 17:05:32,784 | INFO |python.generators.transaction_generator | 300 | Generated 49 legacy customer orders and 1 lead-originated orders.
2026-08-11 17:05:32,784 | INFO |python.generators.transaction_generator | 301 | orders data set generated succesfully
2026-08-11 17:05:32,784 | INFO |python.generators.transaction_generator | 303 | Orders with Lead Attribution: 1
2026-08-11 17:05:32,784 | INFO |python.generators.transaction_generator | 305 | Legacy Customer Orders: 49
2026-08-11 17:05:32,784 | INFO |python.generators.transaction_generator | 307 | Returning Orders Data set....
2026-08-11 17:05:32,798 | INFO |python.generators.transaction_generator | 320 | Generating Order Items Leads...
2026-08-11 17:05:32,808 | INFO |python.generators.transaction_generator | 373 | Generated 159 order_items_dataset
2026-08-11 17:05:32,809 | INFO |python.generators.transaction_generator | 374 | order items dataset generated succesfully
2026-08-11 17:05:32,809 | INFO |python.generators.transaction_generator | 375 | Returning Order Items Dataset....
2026-08-11 17:05:32,809 | INFO |python.generators.transaction_generator | 394 | Populating order total in orders table by summing up line totals of order items
2026-08-11 17:05:32,811 | INFO |python.generators.transaction_generator | 409 | Order totals populated successfully
2026-08-11 17:05:32,811 | INFO |__main__ | 103 | Daily Datasets Generated Succesfully!
2026-08-11 17:05:32,811 | INFO |__main__ | 104 | Generated 50 Orders
2026-08-11 17:05:32,812 | INFO |__main__ | 106 | Generated 159 Order Items
2026-08-11 17:05:32,812 | INFO |__main__ | 108 | Generated 23 Leads
2026-08-11 17:05:32,812 | INFO |__main__ | 110 | Generated 982 Web Logs
2026-08-11 17:05:32,812 | INFO |__main__ | 165 | Loading Daily Datasets into Sources
2026-08-11 17:05:32,823 | INFO |__main__ | 170 | Succesfully loaded daily leads in Source 2
2026-08-11 17:05:32,833 | INFO |__main__ | 175 | Succesfully loaded daily web logs in Source 3
2026-08-11 17:05:32,834 | INFO |python.generators.load_to_sqlserver | 11 | Loading datasets into SQL Server...
2026-08-11 17:05:32,834 | INFO |python.generators.load_to_sqlserver | 30 | Loading orders into Orders
2026-08-11 17:05:32,854 | INFO |python.generators.load_to_sqlserver | 30 | Loading order_items into Order_Items
2026-08-11 17:05:32,882 | INFO |python.generators.load_to_sqlserver | 44 | All available datasets loaded successfully
2026-08-11 17:05:32,882 | INFO |__main__ | 179 | Succesfully loaded new daily orders and its order items in Source 1
2026-08-11 17:05:32,882 | INFO |__main__ | 127 | Generating daily updates....
2026-08-11 17:05:32,883 | INFO |__main__ | 191 | Generating company updates
2026-08-11 17:05:32,925 | INFO |__main__ | 245 | Successfully updated 1 companies
2026-08-11 17:05:32,926 | INFO |__main__ | 255 | Generating customer updates
2026-08-11 17:05:33,072 | INFO |__main__ | 286 | Updating Customers....
2026-08-11 17:05:33,128 | INFO |__main__ | 286 | Updating Customers....
2026-08-11 17:05:33,143 | INFO |__main__ | 286 | Updating Customers....
2026-08-11 17:05:33,159 | INFO |__main__ | 286 | Updating Customers....
2026-08-11 17:05:33,177 | INFO |__main__ | 306 | Successfully updated customers
2026-08-11 17:05:33,177 | INFO |__main__ | 316 | Generating orders updates
2026-08-11 17:05:33,229 | INFO |__main__ | 331 | Updating Orders....
2026-08-11 17:05:33,383 | INFO |__main__ | 342 | Successfully updated Orders
2026-08-11 17:05:33,383 | INFO |__main__ | 352 | Generating leads updates
2026-08-11 17:05:33,951 | INFO |__main__ | 380 | Successfully updated 8 marketing leads
2026-08-11 17:05:33,955 | INFO |__main__ | 398 | Daily ingestion and CDC simulation completed successfully.
2026-08-11 17:05:33,956 | INFO |__main__ | 400 | Daily CDC Summary
----------------------------
New Orders: 50
New Order Items: 159
New Leads: 23
New Web Logs: 982

Updated Companies: 1
Updated Customers: 4
Updated Orders: 7
Updated Leads: 8
2026-08-11 17:05:34,102 | INFO |__main__ | 110 | ...........................RUNNING SOURCE 1 (SQL SERVER) PIPELINE (LOAD TO STAGGING)..............................
2026-08-11 17:05:35,266 | INFO |python.utils.pipeline_utils | 72 | [sql_server_pipeline] run started, run_id = d0936c77c8c0473d825f5b12ad9bcdee
2026-08-11 17:05:35,270 | INFO |python.utils.pipeline_utils | 24 | sql_server_pipeline last watermark = 2026-08-11 00:00:00
2026-08-11 17:05:35,361 | INFO |__main__ | 36 | sql_server_pipeline extracted 1 rows from companies
2026-08-11 17:05:35,400 | INFO |__main__ | 36 | sql_server_pipeline extracted 4 rows from customers
2026-08-11 17:05:35,409 | INFO |__main__ | 36 | sql_server_pipeline extracted 0 rows from categories
2026-08-11 17:05:35,421 | INFO |__main__ | 36 | sql_server_pipeline extracted 0 rows from suppliers
2026-08-11 17:05:35,429 | INFO |__main__ | 36 | sql_server_pipeline extracted 0 rows from products
2026-08-11 17:05:35,437 | INFO |__main__ | 36 | sql_server_pipeline extracted 0 rows from supplier_product_mapping
2026-08-11 17:05:35,520 | INFO |__main__ | 36 | sql_server_pipeline extracted 1 rows from orders
2026-08-11 17:05:35,642 | INFO |__main__ | 36 | sql_server_pipeline extracted 0 rows from order_items
2026-08-11 17:05:35,705 | INFO |__main__ | 65 | Loading companies into companies
2026-08-11 17:05:35,731 | INFO |__main__ | 75 | [sql_server_pipeline] loaded 1 rows into staging.companies
2026-08-11 17:05:35,732 | INFO |__main__ | 62 | No rows were extracted
2026-08-11 17:05:35,732 | INFO |__main__ | 65 | Loading customers into customers
2026-08-11 17:05:35,761 | INFO |__main__ | 75 | [sql_server_pipeline] loaded 4 rows into staging.customers
2026-08-11 17:05:35,762 | INFO |__main__ | 62 | No rows were extracted
2026-08-11 17:05:35,762 | INFO |__main__ | 62 | No rows were extracted
2026-08-11 17:05:35,762 | INFO |__main__ | 62 | No rows were extracted
2026-08-11 17:05:35,762 | INFO |__main__ | 65 | Loading orders into orders
2026-08-11 17:05:35,790 | INFO |__main__ | 75 | [sql_server_pipeline] loaded 1 rows into staging.orders
2026-08-11 17:05:35,790 | INFO |__main__ | 62 | No rows were extracted
2026-08-11 17:05:35,791 | INFO |__main__ | 77 | All available datasets loaded successfully
2026-08-11 17:05:35,792 | INFO |python.utils.pipeline_utils | 48 | sql_server_pipeline watermark updated = 2026-08-11 17:05:33.229491
2026-08-11 17:05:35,796 | INFO |python.utils.pipeline_utils | 106 | [sql_server_pipeline] run d0936c77c8c0473d825f5b12ad9bcdee -> completed (extracted rows=6, loaded rows=6)
2026-08-11 17:05:38,913 | INFO |__main__ | 113 | ...........................RUNNING SOURCE 2 (MARKETING LEADS) PIPELINE (LOAD TO STAGGING)..............................
2026-08-11 17:05:40,106 | INFO |python.utils.pipeline_utils | 72 | [web_logs_pipeline] run started, run_id = 37e9fda528044306874cf2a48cc6dac2
2026-08-11 17:05:40,107 | INFO |__main__ | 19 | Extraction Started................
2026-08-11 17:05:40,479 | INFO |__main__ | 23 | Succesfully extracted Marketing leads dataset
2026-08-11 17:05:40,479 | INFO |__main__ | 24 | web_logs_pipeline extracted 75982 rows from Source 2
2026-08-11 17:05:40,549 | INFO |__main__ | 36 | Loading Started...........
2026-08-11 17:05:45,604 | INFO |__main__ | 49 | [web_logs_pipeline] loaded 75982 rows into staging.web_logs
2026-08-11 17:05:45,607 | INFO |python.utils.pipeline_utils | 106 | [web_logs_pipeline] run 37e9fda528044306874cf2a48cc6dac2 -> completed (extracted rows=75982, loaded rows=75982)
2026-08-11 17:05:45,607 | INFO |__main__ | 94 | web_logs_pipeline completed
2026-08-11 17:05:49,110 | INFO |__main__ | 116 | ...........................RUNNING SOURCE 3 (WEB LOGS) PIPELINE (LOAD TO STAGGING)..............................
2026-08-11 17:05:50,503 | INFO |python.utils.pipeline_utils | 72 | [marketing_leads_pipeline] run started, run_id = e67b560a763f4d179f320c31fb89aaf6
2026-08-11 17:05:50,504 | INFO |__main__ | 18 | Extraction started......
2026-08-11 17:05:50,709 | INFO |__main__ | 22 | Succesfully extracted Marketing leads dataset
2026-08-11 17:05:50,709 | INFO |__main__ | 23 | marketing_leads_pipeline extracted 50023 rows from Source 2
2026-08-11 17:05:54,432 | INFO |__main__ | 48 | [marketing_leads_pipeline] loaded 50023 rows into staging.marketing_leads
2026-08-11 17:05:54,437 | INFO |python.utils.pipeline_utils | 106 | [marketing_leads_pipeline] run e67b560a763f4d179f320c31fb89aaf6 -> completed (extracted rows=50023, loaded rows=50023)
2026-08-11 17:05:54,437 | INFO |__main__ | 89 | marketing_leads_pipeline completed
2026-08-11 17:05:57,722 | INFO |__main__ | 119 | ...........................RUNNING TRANSFORM (LOAD TO INTERMEDIATE)...........................................
2026-08-11 17:05:57,722 | INFO |__main__ | 30 | ...........................TRANSFORMING AND MERGING INTO INTERMEDIATE LAYER..............................
2026-08-11 17:05:57,815 | INFO |__main__ | 54 | Executing Transform_companies.sql
2026-08-11 17:05:57,850 | INFO |__main__ | 63 | Transform_companies.sql completed successfully
2026-08-11 17:05:57,850 | INFO |__main__ | 54 | Executing Transform_categories.sql
2026-08-11 17:05:57,855 | INFO |__main__ | 63 | Transform_categories.sql completed successfully
2026-08-11 17:05:57,855 | INFO |__main__ | 54 | Executing Transform_customers.sql
2026-08-11 17:05:58,157 | INFO |__main__ | 63 | Transform_customers.sql completed successfully
2026-08-11 17:05:58,158 | INFO |__main__ | 54 | Executing Transform_suppliers.sql
2026-08-11 17:05:58,164 | INFO |__main__ | 63 | Transform_suppliers.sql completed successfully
2026-08-11 17:05:58,164 | INFO |__main__ | 54 | Executing Transform_products.sql
2026-08-11 17:05:58,172 | INFO |__main__ | 63 | Transform_products.sql completed successfully
2026-08-11 17:05:58,173 | INFO |__main__ | 54 | Executing Transform_supplier_product_mapping.sql
2026-08-11 17:05:58,181 | INFO |__main__ | 63 | Transform_supplier_product_mapping.sql completed successfully
2026-08-11 17:05:58,181 | INFO |__main__ | 54 | Executing Transform_marketing_leads.sql
2026-08-11 17:05:58,940 | INFO |__main__ | 63 | Transform_marketing_leads.sql completed successfully
2026-08-11 17:05:58,941 | INFO |__main__ | 54 | Executing Transform_orders.sql
2026-08-11 17:06:22,025 | INFO |__main__ | 63 | Transform_orders.sql completed successfully
2026-08-11 17:06:22,026 | INFO |__main__ | 54 | Executing Transform_order_items.sql
2026-08-11 17:06:26,313 | INFO |__main__ | 63 | Transform_order_items.sql completed successfully
2026-08-11 17:06:26,314 | INFO |__main__ | 54 | Executing Transform_web_logs.sql
2026-08-11 17:06:32,046 | INFO |__main__ | 63 | Transform_web_logs.sql completed successfully
2026-08-11 17:06:32,051 | INFO |__main__ | 65 | All Intermediate transformations committed successfully.
2026-08-11 17:59:28,824 | INFO |__main__ | 107 | ...........................GENERATING NEW INCREMENTAL DATASET..............................
2026-08-11 17:59:31,414 | INFO |__main__ | 38 | Daily generator seeded with LIVE_SEED = 1786453170915398700 (logged in metadata.Generation_Seeds)
2026-08-11 17:59:31,418 | INFO |__main__ | 57 | fetching required Datasets....
2026-08-11 17:59:31,720 | INFO |__main__ | 67 | Returning all Datasets....
2026-08-11 17:59:31,720 | INFO |__main__ | 84 | Generating Daily Datasets......
2026-08-11 17:59:31,721 | INFO |python.generators.transaction_generator | 424 | Generating Web Logs...
2026-08-11 17:59:32,017 | INFO |python.generators.transaction_generator | 475 | Succefully generated weblogs : 1068
2026-08-11 17:59:32,018 | INFO |python.generators.transaction_generator | 103 | Generating Marketing Leads...
2026-08-11 17:59:32,036 | INFO |python.generators.transaction_generator | 151 | 
marketing_leads Type Distribution:
funnel_stage
New            6
Proposal       3
Qualified      3
Contacted      3
Negotiation    2
Name: count, dtype: int64
2026-08-11 17:59:32,041 | INFO |python.generators.transaction_generator | 162 | Generated 17 marketing leads records successfully!
2026-08-11 17:59:32,042 | INFO |python.generators.transaction_generator | 163 | 
Industry Distribution:
industry
Hospitality      3
Manufacturing    3
Logistics        3
Retail           2
Construction     2
Finance          1
Education        1
Technology       1
Energy           1
Name: count, dtype: int64
2026-08-11 17:59:32,042 | INFO |python.generators.transaction_generator | 178 | Generating Orders...
2026-08-11 17:59:32,178 | INFO |python.generators.transaction_generator | 292 | Orders generation successfull, total no. of orders = 32
2026-08-11 17:59:32,180 | INFO |python.generators.transaction_generator | 301 | Generated 32 legacy customer orders and 0 lead-originated orders.
2026-08-11 17:59:32,180 | INFO |python.generators.transaction_generator | 302 | orders data set generated succesfully
2026-08-11 17:59:32,180 | INFO |python.generators.transaction_generator | 304 | Orders with Lead Attribution: 0
2026-08-11 17:59:32,181 | INFO |python.generators.transaction_generator | 306 | Legacy Customer Orders: 32
2026-08-11 17:59:32,181 | INFO |python.generators.transaction_generator | 308 | Returning Orders Data set....
2026-08-11 17:59:32,187 | INFO |python.generators.transaction_generator | 321 | Generating Order Items Leads...
2026-08-11 17:59:32,201 | INFO |python.generators.transaction_generator | 375 | Generated 97 order_items_dataset
2026-08-11 17:59:32,201 | INFO |python.generators.transaction_generator | 376 | order items dataset generated succesfully
2026-08-11 17:59:32,202 | INFO |python.generators.transaction_generator | 377 | Returning Order Items Dataset....
2026-08-11 17:59:32,202 | INFO |python.generators.transaction_generator | 396 | Populating order total in orders table by summing up line totals of order items
2026-08-11 17:59:32,227 | INFO |python.generators.transaction_generator | 411 | Order totals populated successfully
2026-08-11 17:59:32,227 | INFO |__main__ | 103 | Daily Datasets Generated Succesfully!
2026-08-11 17:59:32,227 | INFO |__main__ | 104 | Generated 32 Orders
2026-08-11 17:59:32,228 | INFO |__main__ | 106 | Generated 97 Order Items
2026-08-11 17:59:32,228 | INFO |__main__ | 108 | Generated 17 Leads
2026-08-11 17:59:32,228 | INFO |__main__ | 110 | Generated 1068 Web Logs
2026-08-11 17:59:32,228 | INFO |__main__ | 165 | Loading Daily Datasets into Sources
2026-08-11 17:59:32,236 | INFO |__main__ | 170 | Succesfully loaded daily leads in Source 2
2026-08-11 17:59:32,246 | INFO |__main__ | 175 | Succesfully loaded daily web logs in Source 3
2026-08-11 17:59:32,247 | INFO |python.generators.load_to_sqlserver | 11 | Loading datasets into SQL Server...
2026-08-11 17:59:32,247 | INFO |python.generators.load_to_sqlserver | 30 | Loading orders into Orders
2026-08-11 17:59:32,333 | INFO |python.generators.load_to_sqlserver | 30 | Loading order_items into Order_Items
2026-08-11 17:59:32,402 | INFO |python.generators.load_to_sqlserver | 44 | All available datasets loaded successfully
2026-08-11 17:59:32,402 | INFO |__main__ | 179 | Succesfully loaded new daily orders and its order items in Source 1
2026-08-11 17:59:32,402 | INFO |__main__ | 127 | Generating daily updates....
2026-08-11 17:59:32,402 | INFO |__main__ | 191 | Generating company updates
2026-08-11 17:59:32,448 | INFO |__main__ | 245 | Successfully updated 3 companies
2026-08-11 17:59:32,448 | INFO |__main__ | 255 | Generating customer updates
2026-08-11 17:59:32,532 | INFO |__main__ | 286 | Updating Customers....
2026-08-11 17:59:32,575 | INFO |__main__ | 286 | Updating Customers....
2026-08-11 17:59:32,593 | INFO |__main__ | 286 | Updating Customers....
2026-08-11 17:59:32,609 | INFO |__main__ | 286 | Updating Customers....
2026-08-11 17:59:32,626 | INFO |__main__ | 306 | Successfully updated customers
2026-08-11 17:59:32,626 | INFO |__main__ | 316 | Generating orders updates
2026-08-11 17:59:32,746 | INFO |__main__ | 331 | Updating Orders....
2026-08-11 17:59:32,840 | INFO |__main__ | 331 | Updating Orders....
2026-08-11 17:59:32,894 | INFO |__main__ | 331 | Updating Orders....
2026-08-11 17:59:32,951 | INFO |__main__ | 331 | Updating Orders....
2026-08-11 17:59:33,005 | INFO |__main__ | 331 | Updating Orders....
2026-08-11 17:59:33,043 | INFO |__main__ | 342 | Successfully updated Orders
2026-08-11 17:59:33,044 | INFO |__main__ | 352 | Generating leads updates
2026-08-11 17:59:33,676 | INFO |__main__ | 380 | Successfully updated 8 marketing leads
2026-08-11 17:59:33,676 | INFO |__main__ | 398 | Daily ingestion and CDC simulation completed successfully.
2026-08-11 17:59:33,676 | INFO |__main__ | 400 | Daily CDC Summary
----------------------------
New Orders: 32
New Order Items: 97
New Leads: 17
New Web Logs: 1068

Updated Companies: 3
Updated Customers: 4
Updated Orders: 10
Updated Leads: 8
2026-08-11 17:59:33,846 | INFO |__main__ | 110 | ...........................RUNNING SOURCE 1 (SQL SERVER) PIPELINE (LOAD TO STAGGING)..............................
2026-08-11 17:59:35,120 | INFO |python.utils.pipeline_utils | 72 | [sql_server_pipeline] run started, run_id = 6d7fe7ca46724304afe8797aeaa6636a
2026-08-11 17:59:35,124 | INFO |python.utils.pipeline_utils | 24 | sql_server_pipeline last watermark = None
2026-08-11 17:59:35,357 | INFO |__main__ | 36 | sql_server_pipeline extracted 500 rows from companies
2026-08-11 17:59:35,520 | INFO |__main__ | 36 | sql_server_pipeline extracted 15789 rows from customers
2026-08-11 17:59:35,562 | INFO |__main__ | 36 | sql_server_pipeline extracted 10 rows from categories
2026-08-11 17:59:35,578 | INFO |__main__ | 36 | sql_server_pipeline extracted 150 rows from suppliers
2026-08-11 17:59:35,596 | INFO |__main__ | 36 | sql_server_pipeline extracted 96 rows from products
2026-08-11 17:59:35,609 | INFO |__main__ | 36 | sql_server_pipeline extracted 325 rows from supplier_product_mapping
2026-08-11 17:59:35,948 | INFO |__main__ | 36 | sql_server_pipeline extracted 32069 rows from orders
2026-08-11 17:59:37,254 | INFO |__main__ | 36 | sql_server_pipeline extracted 96064 rows from order_items
2026-08-11 17:59:37,373 | INFO |__main__ | 65 | Loading companies into companies
2026-08-11 17:59:37,420 | INFO |__main__ | 75 | [sql_server_pipeline] loaded 500 rows into staging.companies
2026-08-11 17:59:37,420 | INFO |__main__ | 65 | Loading categories into categories
2026-08-11 17:59:37,428 | INFO |__main__ | 75 | [sql_server_pipeline] loaded 10 rows into staging.categories
2026-08-11 17:59:37,428 | INFO |__main__ | 65 | Loading customers into customers
2026-08-11 17:59:38,468 | INFO |__main__ | 75 | [sql_server_pipeline] loaded 15789 rows into staging.customers
2026-08-11 17:59:38,469 | INFO |__main__ | 65 | Loading products into products
2026-08-11 17:59:38,475 | INFO |__main__ | 75 | [sql_server_pipeline] loaded 96 rows into staging.products
2026-08-11 17:59:38,475 | INFO |__main__ | 65 | Loading suppliers into suppliers
2026-08-11 17:59:38,496 | INFO |__main__ | 75 | [sql_server_pipeline] loaded 150 rows into staging.suppliers
2026-08-11 17:59:38,496 | INFO |__main__ | 65 | Loading supplier_product_mapping into supplier_product_mapping
2026-08-11 17:59:38,518 | INFO |__main__ | 75 | [sql_server_pipeline] loaded 325 rows into staging.supplier_product_mapping
2026-08-11 17:59:38,519 | INFO |__main__ | 65 | Loading orders into orders
2026-08-11 17:59:40,611 | INFO |__main__ | 75 | [sql_server_pipeline] loaded 32069 rows into staging.orders
2026-08-11 17:59:40,611 | INFO |__main__ | 65 | Loading order_items into order_items
2026-08-11 17:59:46,274 | INFO |__main__ | 75 | [sql_server_pipeline] loaded 96064 rows into staging.order_items
2026-08-11 17:59:46,285 | INFO |__main__ | 77 | All available datasets loaded successfully
2026-08-11 17:59:46,285 | INFO |python.utils.pipeline_utils | 48 | sql_server_pipeline watermark updated = 2026-08-11 17:59:33.005898
2026-08-11 17:59:46,292 | INFO |python.utils.pipeline_utils | 106 | [sql_server_pipeline] run 6d7fe7ca46724304afe8797aeaa6636a -> completed (extracted rows=145003, loaded rows=145003)
2026-08-11 17:59:50,359 | INFO |__main__ | 113 | ...........................RUNNING SOURCE 2 (MARKETING LEADS) PIPELINE (LOAD TO STAGGING)..............................
2026-08-11 17:59:51,549 | INFO |python.utils.pipeline_utils | 72 | [marketing_leads_pipeline] run started, run_id = 03922fb8e92f4441aea50ef06e99778c
2026-08-11 17:59:51,549 | INFO |__main__ | 18 | Extraction started......
2026-08-11 17:59:51,758 | INFO |__main__ | 22 | Succesfully extracted Marketing leads dataset
2026-08-11 17:59:51,758 | INFO |__main__ | 23 | marketing_leads_pipeline extracted 50040 rows from Source 2
2026-08-11 17:59:55,494 | INFO |__main__ | 48 | [marketing_leads_pipeline] loaded 50040 rows into staging.marketing_leads
2026-08-11 17:59:55,508 | INFO |python.utils.pipeline_utils | 106 | [marketing_leads_pipeline] run 03922fb8e92f4441aea50ef06e99778c -> completed (extracted rows=50040, loaded rows=50040)
2026-08-11 17:59:55,508 | INFO |__main__ | 89 | marketing_leads_pipeline completed
2026-08-11 17:59:58,829 | INFO |__main__ | 116 | ...........................RUNNING SOURCE 3 (WEB LOGS) PIPELINE (LOAD TO STAGGING)..............................
2026-08-11 17:59:59,961 | INFO |python.utils.pipeline_utils | 72 | [web_logs_pipeline] run started, run_id = 7df59a87828b4905b337055ba10eaaf0
2026-08-11 17:59:59,961 | INFO |__main__ | 19 | Extraction Started................
2026-08-11 18:00:00,340 | INFO |__main__ | 23 | Succesfully extracted Marketing leads dataset
2026-08-11 18:00:00,340 | INFO |__main__ | 24 | web_logs_pipeline extracted 77050 rows from Source 2
2026-08-11 18:00:00,394 | INFO |__main__ | 36 | Loading Started...........
2026-08-11 18:00:05,712 | INFO |__main__ | 49 | [web_logs_pipeline] loaded 77050 rows into staging.web_logs
2026-08-11 18:00:05,715 | INFO |python.utils.pipeline_utils | 106 | [web_logs_pipeline] run 7df59a87828b4905b337055ba10eaaf0 -> completed (extracted rows=77050, loaded rows=77050)
2026-08-11 18:00:05,715 | INFO |__main__ | 94 | web_logs_pipeline completed
2026-08-11 18:00:08,969 | INFO |__main__ | 119 | ...........................RUNNING TRANSFORM (LOAD TO INTERMEDIATE)...........................................
2026-08-11 18:00:08,969 | INFO |__main__ | 30 | ...........................TRANSFORMING AND MERGING INTO INTERMEDIATE LAYER..............................
2026-08-11 18:00:09,033 | INFO |__main__ | 54 | Executing Transform_companies.sql
2026-08-11 18:00:09,071 | INFO |__main__ | 63 | Transform_companies.sql completed successfully
2026-08-11 18:00:09,072 | INFO |__main__ | 54 | Executing Transform_categories.sql
2026-08-11 18:00:09,082 | INFO |__main__ | 63 | Transform_categories.sql completed successfully
2026-08-11 18:00:09,082 | INFO |__main__ | 54 | Executing Transform_customers.sql
2026-08-11 18:00:09,494 | INFO |__main__ | 63 | Transform_customers.sql completed successfully
2026-08-11 18:00:09,494 | INFO |__main__ | 54 | Executing Transform_suppliers.sql
2026-08-11 18:00:09,506 | INFO |__main__ | 63 | Transform_suppliers.sql completed successfully
2026-08-11 18:00:09,507 | INFO |__main__ | 54 | Executing Transform_products.sql
2026-08-11 18:00:09,514 | INFO |__main__ | 63 | Transform_products.sql completed successfully
2026-08-11 18:00:09,515 | INFO |__main__ | 54 | Executing Transform_supplier_product_mapping.sql
2026-08-11 18:00:09,532 | INFO |__main__ | 63 | Transform_supplier_product_mapping.sql completed successfully
2026-08-11 18:00:09,533 | INFO |__main__ | 54 | Executing Transform_marketing_leads.sql
2026-08-11 18:00:10,465 | INFO |__main__ | 63 | Transform_marketing_leads.sql completed successfully
2026-08-11 18:00:10,465 | INFO |__main__ | 54 | Executing Transform_orders.sql
2026-08-11 18:00:25,472 | INFO |__main__ | 63 | Transform_orders.sql completed successfully
2026-08-11 18:00:25,472 | INFO |__main__ | 54 | Executing Transform_order_items.sql
2026-08-11 18:00:31,236 | INFO |__main__ | 63 | Transform_order_items.sql completed successfully
2026-08-11 18:00:31,237 | INFO |__main__ | 54 | Executing Transform_web_logs.sql
2026-08-11 18:00:37,535 | INFO |__main__ | 63 | Transform_web_logs.sql completed successfully
2026-08-11 18:00:37,540 | INFO |__main__ | 65 | All Intermediate transformations committed successfully.
2026-08-11 18:17:32,427 | INFO |__main__ | 107 | ...........................GENERATING NEW INCREMENTAL DATASET..............................
2026-08-11 18:17:34,596 | INFO |__main__ | 38 | Daily generator seeded with LIVE_SEED = 1786454254206906700 (logged in metadata.Generation_Seeds)
2026-08-11 18:17:34,601 | INFO |__main__ | 57 | fetching required Datasets....
2026-08-11 18:17:34,916 | INFO |__main__ | 67 | Returning all Datasets....
2026-08-11 18:17:34,916 | INFO |__main__ | 84 | Generating Daily Datasets......
2026-08-11 18:17:34,916 | INFO |python.generators.transaction_generator | 424 | Generating Web Logs...
2026-08-11 18:17:35,123 | INFO |python.generators.transaction_generator | 475 | Succefully generated weblogs : 792
2026-08-11 18:17:35,123 | INFO |python.generators.transaction_generator | 103 | Generating Marketing Leads...
2026-08-11 18:17:35,147 | INFO |python.generators.transaction_generator | 151 | 
marketing_leads Type Distribution:
funnel_stage
New            16
Contacted       5
Qualified       4
Proposal        3
Negotiation     1
Name: count, dtype: int64
2026-08-11 18:17:35,149 | INFO |python.generators.transaction_generator | 162 | Generated 29 marketing leads records successfully!
2026-08-11 18:17:35,150 | INFO |python.generators.transaction_generator | 163 | 
Industry Distribution:
industry
Energy           5
Technology       4
Hospitality      4
Finance          4
Education        3
Construction     3
Manufacturing    2
Logistics        2
Retail           2
Name: count, dtype: int64
2026-08-11 18:17:35,150 | INFO |python.generators.transaction_generator | 178 | Generating Orders...
2026-08-11 18:17:35,281 | INFO |python.generators.transaction_generator | 292 | Orders generation successfull, total no. of orders = 36
2026-08-11 18:17:35,283 | INFO |python.generators.transaction_generator | 301 | Generated 36 legacy customer orders and 0 lead-originated orders.
2026-08-11 18:17:35,283 | INFO |python.generators.transaction_generator | 302 | orders data set generated succesfully
2026-08-11 18:17:35,284 | INFO |python.generators.transaction_generator | 304 | Orders with Lead Attribution: 0
2026-08-11 18:17:35,284 | INFO |python.generators.transaction_generator | 306 | Legacy Customer Orders: 36
2026-08-11 18:17:35,285 | INFO |python.generators.transaction_generator | 308 | Returning Orders Data set....
2026-08-11 18:17:35,292 | INFO |python.generators.transaction_generator | 321 | Generating Order Items Leads...
2026-08-11 18:17:35,297 | INFO |python.generators.transaction_generator | 375 | Generated 96 order_items_dataset
2026-08-11 18:17:35,298 | INFO |python.generators.transaction_generator | 376 | order items dataset generated succesfully
2026-08-11 18:17:35,298 | INFO |python.generators.transaction_generator | 377 | Returning Order Items Dataset....
2026-08-11 18:17:35,298 | INFO |python.generators.transaction_generator | 396 | Populating order total in orders table by summing up line totals of order items
2026-08-11 18:17:35,305 | INFO |python.generators.transaction_generator | 411 | Order totals populated successfully
2026-08-11 18:17:35,305 | INFO |__main__ | 103 | Daily Datasets Generated Succesfully!
2026-08-11 18:17:35,305 | INFO |__main__ | 104 | Generated 36 Orders
2026-08-11 18:17:35,305 | INFO |__main__ | 106 | Generated 96 Order Items
2026-08-11 18:17:35,305 | INFO |__main__ | 108 | Generated 29 Leads
2026-08-11 18:17:35,305 | INFO |__main__ | 110 | Generated 792 Web Logs
2026-08-11 18:17:35,306 | INFO |__main__ | 165 | Loading Daily Datasets into Sources
2026-08-11 18:17:35,314 | INFO |__main__ | 170 | Succesfully loaded daily leads in Source 2
2026-08-11 18:17:35,322 | INFO |__main__ | 175 | Succesfully loaded daily web logs in Source 3
2026-08-11 18:17:35,322 | INFO |python.generators.load_to_sqlserver | 11 | Loading datasets into SQL Server...
2026-08-11 18:17:35,323 | INFO |python.generators.load_to_sqlserver | 30 | Loading orders into Orders
2026-08-11 18:17:35,393 | INFO |python.generators.load_to_sqlserver | 30 | Loading order_items into Order_Items
2026-08-11 18:17:35,475 | INFO |python.generators.load_to_sqlserver | 44 | All available datasets loaded successfully
2026-08-11 18:17:35,475 | INFO |__main__ | 179 | Succesfully loaded new daily orders and its order items in Source 1
2026-08-11 18:17:35,475 | INFO |__main__ | 127 | Generating daily updates....
2026-08-11 18:17:35,476 | INFO |__main__ | 191 | Generating company updates
2026-08-11 18:17:35,510 | INFO |__main__ | 245 | Successfully updated 2 companies
2026-08-11 18:17:35,510 | INFO |__main__ | 255 | Generating customer updates
2026-08-11 18:17:35,560 | INFO |__main__ | 286 | Updating Customers....
2026-08-11 18:17:35,591 | INFO |__main__ | 286 | Updating Customers....
2026-08-11 18:17:35,606 | INFO |__main__ | 286 | Updating Customers....
2026-08-11 18:17:35,621 | INFO |__main__ | 286 | Updating Customers....
2026-08-11 18:17:35,634 | INFO |__main__ | 286 | Updating Customers....
2026-08-11 18:17:35,642 | INFO |__main__ | 306 | Successfully updated customers
2026-08-11 18:17:35,642 | INFO |__main__ | 316 | Generating orders updates
2026-08-11 18:17:35,754 | INFO |__main__ | 331 | Updating Orders....
2026-08-11 18:17:35,839 | INFO |__main__ | 331 | Updating Orders....
2026-08-11 18:17:35,880 | INFO |__main__ | 331 | Updating Orders....
2026-08-11 18:17:35,930 | INFO |__main__ | 331 | Updating Orders....
2026-08-11 18:17:35,967 | INFO |__main__ | 331 | Updating Orders....
2026-08-11 18:17:36,016 | INFO |__main__ | 331 | Updating Orders....
2026-08-11 18:17:36,059 | INFO |__main__ | 342 | Successfully updated Orders
2026-08-11 18:17:36,059 | INFO |__main__ | 352 | Generating leads updates
2026-08-11 18:17:36,580 | INFO |__main__ | 380 | Successfully updated 5 marketing leads
2026-08-11 18:17:36,583 | INFO |__main__ | 398 | Daily ingestion and CDC simulation completed successfully.
2026-08-11 18:17:36,583 | INFO |__main__ | 400 | Daily CDC Summary
----------------------------
New Orders: 36
New Order Items: 96
New Leads: 29
New Web Logs: 792

Updated Companies: 2
Updated Customers: 5
Updated Orders: 9
Updated Leads: 5
2026-08-11 18:17:36,763 | INFO |__main__ | 110 | ...........................RUNNING SOURCE 1 (SQL SERVER) PIPELINE (LOAD TO STAGGING)..............................
2026-08-11 18:17:37,998 | INFO |python.utils.pipeline_utils | 72 | [sql_server_pipeline] run started, run_id = 37515b7523344acaa398cb5fc249b90c
2026-08-11 18:17:38,001 | INFO |python.utils.pipeline_utils | 24 | sql_server_pipeline last watermark = None
2026-08-11 18:17:38,068 | INFO |__main__ | 36 | sql_server_pipeline extracted 500 rows from companies
2026-08-11 18:17:38,238 | INFO |__main__ | 36 | sql_server_pipeline extracted 15789 rows from customers
2026-08-11 18:17:38,244 | INFO |__main__ | 36 | sql_server_pipeline extracted 10 rows from categories
2026-08-11 18:17:38,250 | INFO |__main__ | 36 | sql_server_pipeline extracted 150 rows from suppliers
2026-08-11 18:17:38,258 | INFO |__main__ | 36 | sql_server_pipeline extracted 96 rows from products
2026-08-11 18:17:38,266 | INFO |__main__ | 36 | sql_server_pipeline extracted 325 rows from supplier_product_mapping
2026-08-11 18:17:38,566 | INFO |__main__ | 36 | sql_server_pipeline extracted 32105 rows from orders
2026-08-11 18:17:40,014 | INFO |__main__ | 36 | sql_server_pipeline extracted 96160 rows from order_items
2026-08-11 18:17:40,129 | INFO |__main__ | 65 | Loading companies into companies
2026-08-11 18:17:40,169 | INFO |__main__ | 75 | [sql_server_pipeline] loaded 500 rows into staging.companies
2026-08-11 18:17:40,169 | INFO |__main__ | 65 | Loading categories into categories
2026-08-11 18:17:40,169 | INFO |__main__ | 75 | [sql_server_pipeline] loaded 10 rows into staging.categories
2026-08-11 18:17:40,169 | INFO |__main__ | 65 | Loading customers into customers
2026-08-11 18:17:41,130 | INFO |__main__ | 75 | [sql_server_pipeline] loaded 15789 rows into staging.customers
2026-08-11 18:17:41,131 | INFO |__main__ | 65 | Loading products into products
2026-08-11 18:17:41,151 | INFO |__main__ | 75 | [sql_server_pipeline] loaded 96 rows into staging.products
2026-08-11 18:17:41,152 | INFO |__main__ | 65 | Loading suppliers into suppliers
2026-08-11 18:17:41,166 | INFO |__main__ | 75 | [sql_server_pipeline] loaded 150 rows into staging.suppliers
2026-08-11 18:17:41,166 | INFO |__main__ | 65 | Loading supplier_product_mapping into supplier_product_mapping
2026-08-11 18:17:41,218 | INFO |__main__ | 75 | [sql_server_pipeline] loaded 325 rows into staging.supplier_product_mapping
2026-08-11 18:17:41,219 | INFO |__main__ | 65 | Loading orders into orders
2026-08-11 18:17:43,298 | INFO |__main__ | 75 | [sql_server_pipeline] loaded 32105 rows into staging.orders
2026-08-11 18:17:43,299 | INFO |__main__ | 65 | Loading order_items into order_items
2026-08-11 18:17:49,103 | INFO |__main__ | 75 | [sql_server_pipeline] loaded 96160 rows into staging.order_items
2026-08-11 18:17:49,103 | INFO |__main__ | 77 | All available datasets loaded successfully
2026-08-11 18:17:49,107 | INFO |python.utils.pipeline_utils | 48 | sql_server_pipeline watermark updated = 2026-08-11 18:17:36.017522
2026-08-11 18:17:49,109 | INFO |python.utils.pipeline_utils | 106 | [sql_server_pipeline] run 37515b7523344acaa398cb5fc249b90c -> completed (extracted rows=145135, loaded rows=145135)
2026-08-11 18:17:52,817 | INFO |__main__ | 113 | ...........................RUNNING SOURCE 2 (MARKETING LEADS) PIPELINE (LOAD TO STAGGING)..............................
2026-08-11 18:17:53,899 | INFO |python.utils.pipeline_utils | 72 | [marketing_leads_pipeline] run started, run_id = 9373e18e218c4561837d6e1e4e771a1e
2026-08-11 18:17:53,900 | INFO |__main__ | 18 | Extraction started......
2026-08-11 18:17:54,115 | INFO |__main__ | 22 | Succesfully extracted Marketing leads dataset
2026-08-11 18:17:54,115 | INFO |__main__ | 23 | marketing_leads_pipeline extracted 50069 rows from Source 2
2026-08-11 18:17:57,868 | INFO |__main__ | 48 | [marketing_leads_pipeline] loaded 50069 rows into staging.marketing_leads
2026-08-11 18:17:57,872 | INFO |python.utils.pipeline_utils | 106 | [marketing_leads_pipeline] run 9373e18e218c4561837d6e1e4e771a1e -> completed (extracted rows=50069, loaded rows=50069)
2026-08-11 18:17:57,872 | INFO |__main__ | 89 | marketing_leads_pipeline completed
2026-08-11 18:18:01,182 | INFO |__main__ | 116 | ...........................RUNNING SOURCE 3 (WEB LOGS) PIPELINE (LOAD TO STAGGING)..............................
2026-08-11 18:18:02,342 | INFO |python.utils.pipeline_utils | 72 | [web_logs_pipeline] run started, run_id = 1f31c43328ff4239885532a99fb284ce
2026-08-11 18:18:02,342 | INFO |__main__ | 19 | Extraction Started................
2026-08-11 18:18:02,728 | INFO |__main__ | 23 | Succesfully extracted Marketing leads dataset
2026-08-11 18:18:02,729 | INFO |__main__ | 24 | web_logs_pipeline extracted 77842 rows from Source 2
2026-08-11 18:18:02,801 | INFO |__main__ | 36 | Loading Started...........
2026-08-11 18:18:08,363 | INFO |__main__ | 49 | [web_logs_pipeline] loaded 77842 rows into staging.web_logs
2026-08-11 18:18:08,366 | INFO |python.utils.pipeline_utils | 106 | [web_logs_pipeline] run 1f31c43328ff4239885532a99fb284ce -> completed (extracted rows=77842, loaded rows=77842)
2026-08-11 18:18:08,366 | INFO |__main__ | 94 | web_logs_pipeline completed
2026-08-11 18:18:11,903 | INFO |__main__ | 119 | ...........................RUNNING TRANSFORM (LOAD TO INTERMEDIATE)...........................................
2026-08-11 18:18:11,903 | INFO |__main__ | 30 | ...........................TRANSFORMING AND MERGING INTO INTERMEDIATE LAYER..............................
2026-08-11 18:18:11,982 | INFO |__main__ | 54 | Executing Transform_companies.sql
2026-08-11 18:18:12,029 | INFO |__main__ | 63 | Transform_companies.sql completed successfully
2026-08-11 18:18:12,030 | INFO |__main__ | 54 | Executing Transform_categories.sql
2026-08-11 18:18:12,040 | INFO |__main__ | 63 | Transform_categories.sql completed successfully
2026-08-11 18:18:12,041 | INFO |__main__ | 54 | Executing Transform_customers.sql
2026-08-11 18:18:12,555 | INFO |__main__ | 63 | Transform_customers.sql completed successfully
2026-08-11 18:18:12,556 | INFO |__main__ | 54 | Executing Transform_suppliers.sql
2026-08-11 18:18:12,571 | INFO |__main__ | 63 | Transform_suppliers.sql completed successfully
2026-08-11 18:18:12,571 | INFO |__main__ | 54 | Executing Transform_products.sql
2026-08-11 18:18:12,585 | INFO |__main__ | 63 | Transform_products.sql completed successfully
2026-08-11 18:18:12,585 | INFO |__main__ | 54 | Executing Transform_supplier_product_mapping.sql
2026-08-11 18:18:12,607 | INFO |__main__ | 63 | Transform_supplier_product_mapping.sql completed successfully
2026-08-11 18:18:12,607 | INFO |__main__ | 54 | Executing Transform_marketing_leads.sql
2026-08-11 18:18:13,498 | INFO |__main__ | 63 | Transform_marketing_leads.sql completed successfully
2026-08-11 18:18:13,498 | INFO |__main__ | 54 | Executing Transform_orders.sql
2026-08-11 18:18:39,101 | INFO |__main__ | 63 | Transform_orders.sql completed successfully
2026-08-11 18:18:39,102 | INFO |__main__ | 54 | Executing Transform_order_items.sql
2026-08-11 18:18:50,382 | INFO |__main__ | 63 | Transform_order_items.sql completed successfully
2026-08-11 18:18:50,382 | INFO |__main__ | 54 | Executing Transform_web_logs.sql
2026-08-11 18:18:53,679 | INFO |__main__ | 63 | Transform_web_logs.sql completed successfully
2026-08-11 18:18:53,679 | INFO |__main__ | 65 | All Intermediate transformations committed successfully.
2026-08-11 18:29:16,823 | INFO |__main__ | 107 | ...........................GENERATING NEW INCREMENTAL DATASET..............................
2026-08-11 18:29:18,585 | INFO |__main__ | 38 | Daily generator seeded with LIVE_SEED = 1786454958332367800 (logged in metadata.Generation_Seeds)
2026-08-11 18:29:18,597 | INFO |__main__ | 57 | fetching required Datasets....
2026-08-11 18:29:18,851 | INFO |__main__ | 67 | Returning all Datasets....
2026-08-11 18:29:18,851 | INFO |__main__ | 84 | Generating Daily Datasets......
2026-08-11 18:29:18,851 | INFO |python.generators.transaction_generator | 424 | Generating Web Logs...
2026-08-11 18:29:19,110 | INFO |python.generators.transaction_generator | 475 | Succefully generated weblogs : 992
2026-08-11 18:29:19,110 | INFO |python.generators.transaction_generator | 103 | Generating Marketing Leads...
2026-08-11 18:29:19,119 | INFO |python.generators.transaction_generator | 151 | 
marketing_leads Type Distribution:
funnel_stage
New            6
Proposal       5
Qualified      4
Negotiation    4
Contacted      4
Lost           1
Name: count, dtype: int64
2026-08-11 18:29:19,121 | INFO |python.generators.transaction_generator | 162 | Generated 24 marketing leads records successfully!
2026-08-11 18:29:19,122 | INFO |python.generators.transaction_generator | 163 | 
Industry Distribution:
industry
Construction     5
Energy           4
Hospitality      3
Technology       3
Finance          2
Healthcare       2
Education        2
Manufacturing    1
Retail           1
Logistics        1
Name: count, dtype: int64
2026-08-11 18:29:19,122 | INFO |python.generators.transaction_generator | 178 | Generating Orders...
2026-08-11 18:29:19,244 | INFO |python.generators.transaction_generator | 292 | Orders generation successfull, total no. of orders = 47
2026-08-11 18:29:19,245 | INFO |python.generators.transaction_generator | 301 | Generated 47 legacy customer orders and 0 lead-originated orders.
2026-08-11 18:29:19,246 | INFO |python.generators.transaction_generator | 302 | orders data set generated succesfully
2026-08-11 18:29:19,247 | INFO |python.generators.transaction_generator | 304 | Orders with Lead Attribution: 0
2026-08-11 18:29:19,247 | INFO |python.generators.transaction_generator | 306 | Legacy Customer Orders: 47
2026-08-11 18:29:19,247 | INFO |python.generators.transaction_generator | 308 | Returning Orders Data set....
2026-08-11 18:29:19,250 | INFO |python.generators.transaction_generator | 321 | Generating Order Items Leads...
2026-08-11 18:29:19,259 | INFO |python.generators.transaction_generator | 375 | Generated 139 order_items_dataset
2026-08-11 18:29:19,259 | INFO |python.generators.transaction_generator | 376 | order items dataset generated succesfully
2026-08-11 18:29:19,259 | INFO |python.generators.transaction_generator | 377 | Returning Order Items Dataset....
2026-08-11 18:29:19,259 | INFO |python.generators.transaction_generator | 396 | Populating order total in orders table by summing up line totals of order items
2026-08-11 18:29:19,261 | INFO |python.generators.transaction_generator | 411 | Order totals populated successfully
2026-08-11 18:29:19,262 | INFO |__main__ | 103 | Daily Datasets Generated Succesfully!
2026-08-11 18:29:19,262 | INFO |__main__ | 104 | Generated 47 Orders
2026-08-11 18:29:19,262 | INFO |__main__ | 106 | Generated 139 Order Items
2026-08-11 18:29:19,263 | INFO |__main__ | 108 | Generated 24 Leads
2026-08-11 18:29:19,263 | INFO |__main__ | 110 | Generated 992 Web Logs
2026-08-11 18:29:19,263 | INFO |__main__ | 165 | Loading Daily Datasets into Sources
2026-08-11 18:29:19,267 | INFO |__main__ | 170 | Succesfully loaded daily leads in Source 2
2026-08-11 18:29:19,275 | INFO |__main__ | 175 | Succesfully loaded daily web logs in Source 3
2026-08-11 18:29:19,276 | INFO |python.generators.load_to_sqlserver | 11 | Loading datasets into SQL Server...
2026-08-11 18:29:19,276 | INFO |python.generators.load_to_sqlserver | 30 | Loading orders into Orders
2026-08-11 18:29:19,346 | INFO |python.generators.load_to_sqlserver | 30 | Loading order_items into Order_Items
2026-08-11 18:29:19,436 | INFO |python.generators.load_to_sqlserver | 44 | All available datasets loaded successfully
2026-08-11 18:29:19,436 | INFO |__main__ | 179 | Succesfully loaded new daily orders and its order items in Source 1
2026-08-11 18:29:19,436 | INFO |__main__ | 127 | Generating daily updates....
2026-08-11 18:29:19,436 | INFO |__main__ | 191 | Generating company updates
2026-08-11 18:29:19,473 | INFO |__main__ | 245 | Successfully updated 3 companies
2026-08-11 18:29:19,473 | INFO |__main__ | 255 | Generating customer updates
2026-08-11 18:29:19,520 | INFO |__main__ | 286 | Updating Customers....
2026-08-11 18:29:19,550 | INFO |__main__ | 286 | Updating Customers....
2026-08-11 18:29:19,565 | INFO |__main__ | 286 | Updating Customers....
2026-08-11 18:29:19,578 | INFO |__main__ | 306 | Successfully updated customers
2026-08-11 18:29:19,578 | INFO |__main__ | 316 | Generating orders updates
2026-08-11 18:29:19,666 | INFO |__main__ | 331 | Updating Orders....
2026-08-11 18:29:19,716 | INFO |__main__ | 331 | Updating Orders....
2026-08-11 18:29:19,756 | INFO |__main__ | 331 | Updating Orders....
2026-08-11 18:29:19,794 | INFO |__main__ | 331 | Updating Orders....
2026-08-11 18:29:19,835 | INFO |__main__ | 331 | Updating Orders....
2026-08-11 18:29:19,876 | INFO |__main__ | 342 | Successfully updated Orders
2026-08-11 18:29:19,877 | INFO |__main__ | 352 | Generating leads updates
2026-08-11 18:29:20,425 | INFO |__main__ | 380 | Successfully updated 8 marketing leads
2026-08-11 18:29:20,428 | INFO |__main__ | 398 | Daily ingestion and CDC simulation completed successfully.
2026-08-11 18:29:20,429 | INFO |__main__ | 400 | Daily CDC Summary
----------------------------
New Orders: 47
New Order Items: 139
New Leads: 24
New Web Logs: 992

Updated Companies: 3
Updated Customers: 3
Updated Orders: 10
Updated Leads: 8
2026-08-11 18:29:20,577 | INFO |__main__ | 110 | ...........................RUNNING SOURCE 1 (SQL SERVER) PIPELINE (LOAD TO STAGGING)..............................
2026-08-11 18:29:21,798 | INFO |python.utils.pipeline_utils | 72 | [sql_server_pipeline] run started, run_id = 4ee1327d8605412a96a9b5af34221da5
2026-08-11 18:29:21,803 | INFO |python.utils.pipeline_utils | 24 | sql_server_pipeline last watermark = 2026-08-11 18:17:36.017522
2026-08-11 18:29:21,861 | INFO |__main__ | 36 | sql_server_pipeline extracted 3 rows from companies
2026-08-11 18:29:21,868 | INFO |__main__ | 36 | sql_server_pipeline extracted 3 rows from customers
2026-08-11 18:29:21,880 | INFO |__main__ | 36 | sql_server_pipeline extracted 0 rows from categories
2026-08-11 18:29:21,891 | INFO |__main__ | 36 | sql_server_pipeline extracted 0 rows from suppliers
2026-08-11 18:29:21,899 | INFO |__main__ | 36 | sql_server_pipeline extracted 0 rows from products
2026-08-11 18:29:21,899 | INFO |__main__ | 36 | sql_server_pipeline extracted 0 rows from supplier_product_mapping
2026-08-11 18:29:21,923 | INFO |__main__ | 36 | sql_server_pipeline extracted 52 rows from orders
2026-08-11 18:29:22,070 | INFO |__main__ | 36 | sql_server_pipeline extracted 139 rows from order_items
2026-08-11 18:29:22,114 | INFO |__main__ | 65 | Loading companies into companies
2026-08-11 18:29:22,129 | INFO |__main__ | 75 | [sql_server_pipeline] loaded 3 rows into staging.companies
2026-08-11 18:29:22,130 | INFO |__main__ | 62 | No rows were extracted
2026-08-11 18:29:22,130 | INFO |__main__ | 65 | Loading customers into customers
2026-08-11 18:29:22,138 | INFO |__main__ | 75 | [sql_server_pipeline] loaded 3 rows into staging.customers
2026-08-11 18:29:22,138 | INFO |__main__ | 62 | No rows were extracted
2026-08-11 18:29:22,139 | INFO |__main__ | 62 | No rows were extracted
2026-08-11 18:29:22,139 | INFO |__main__ | 62 | No rows were extracted
2026-08-11 18:29:22,139 | INFO |__main__ | 65 | Loading orders into orders
2026-08-11 18:29:22,149 | INFO |__main__ | 75 | [sql_server_pipeline] loaded 52 rows into staging.orders
2026-08-11 18:29:22,149 | INFO |__main__ | 65 | Loading order_items into order_items
2026-08-11 18:29:22,173 | INFO |__main__ | 75 | [sql_server_pipeline] loaded 139 rows into staging.order_items
2026-08-11 18:29:22,174 | INFO |__main__ | 77 | All available datasets loaded successfully
2026-08-11 18:29:22,175 | INFO |python.utils.pipeline_utils | 48 | sql_server_pipeline watermark updated = 2026-08-11 18:29:19.835403
2026-08-11 18:29:22,177 | INFO |python.utils.pipeline_utils | 106 | [sql_server_pipeline] run 4ee1327d8605412a96a9b5af34221da5 -> completed (extracted rows=197, loaded rows=197)
2026-08-11 18:29:25,853 | INFO |__main__ | 113 | ...........................RUNNING SOURCE 2 (MARKETING LEADS) PIPELINE (LOAD TO STAGGING)..............................
2026-08-11 18:29:26,943 | INFO |python.utils.pipeline_utils | 72 | [marketing_leads_pipeline] run started, run_id = 4464c69bc3d14927a985b211cc39d384
2026-08-11 18:29:26,944 | INFO |__main__ | 18 | Extraction started......
2026-08-11 18:29:27,168 | INFO |__main__ | 22 | Succesfully extracted Marketing leads dataset
2026-08-11 18:29:27,169 | INFO |__main__ | 23 | marketing_leads_pipeline extracted 50093 rows from Source 2
2026-08-11 18:29:31,167 | INFO |__main__ | 48 | [marketing_leads_pipeline] loaded 50093 rows into staging.marketing_leads
2026-08-11 18:29:31,171 | INFO |python.utils.pipeline_utils | 106 | [marketing_leads_pipeline] run 4464c69bc3d14927a985b211cc39d384 -> completed (extracted rows=50093, loaded rows=50093)
2026-08-11 18:29:31,172 | INFO |__main__ | 89 | marketing_leads_pipeline completed
2026-08-11 18:29:34,477 | INFO |__main__ | 116 | ...........................RUNNING SOURCE 3 (WEB LOGS) PIPELINE (LOAD TO STAGGING)..............................
2026-08-11 18:29:35,607 | INFO |python.utils.pipeline_utils | 72 | [web_logs_pipeline] run started, run_id = b502f0a71191402cab0e5d0852e3dadc
2026-08-11 18:29:35,607 | INFO |__main__ | 19 | Extraction Started................
2026-08-11 18:29:36,054 | INFO |__main__ | 23 | Succesfully extracted Marketing leads dataset
2026-08-11 18:29:36,054 | INFO |__main__ | 24 | web_logs_pipeline extracted 78834 rows from Source 2
2026-08-11 18:29:36,141 | INFO |__main__ | 36 | Loading Started...........
2026-08-11 18:29:41,759 | INFO |__main__ | 49 | [web_logs_pipeline] loaded 78834 rows into staging.web_logs
2026-08-11 18:29:41,762 | INFO |python.utils.pipeline_utils | 106 | [web_logs_pipeline] run b502f0a71191402cab0e5d0852e3dadc -> completed (extracted rows=78834, loaded rows=78834)
2026-08-11 18:29:41,762 | INFO |__main__ | 94 | web_logs_pipeline completed
2026-08-11 18:29:45,077 | INFO |__main__ | 119 | ...........................RUNNING TRANSFORM (LOAD TO INTERMEDIATE)...........................................
2026-08-11 18:29:45,077 | INFO |__main__ | 30 | ...........................TRANSFORMING AND MERGING INTO INTERMEDIATE LAYER..............................
2026-08-11 18:29:45,171 | INFO |__main__ | 54 | Executing Transform_companies.sql
2026-08-11 18:29:45,176 | INFO |__main__ | 63 | Transform_companies.sql completed successfully
2026-08-11 18:29:45,176 | INFO |__main__ | 54 | Executing Transform_categories.sql
2026-08-11 18:29:45,198 | INFO |__main__ | 63 | Transform_categories.sql completed successfully
2026-08-11 18:29:45,198 | INFO |__main__ | 54 | Executing Transform_customers.sql
2026-08-11 18:29:45,415 | INFO |__main__ | 63 | Transform_customers.sql completed successfully
2026-08-11 18:29:45,415 | INFO |__main__ | 54 | Executing Transform_suppliers.sql
2026-08-11 18:29:45,422 | INFO |__main__ | 63 | Transform_suppliers.sql completed successfully
2026-08-11 18:29:45,422 | INFO |__main__ | 54 | Executing Transform_products.sql
2026-08-11 18:29:45,433 | INFO |__main__ | 63 | Transform_products.sql completed successfully
2026-08-11 18:29:45,433 | INFO |__main__ | 54 | Executing Transform_supplier_product_mapping.sql
2026-08-11 18:29:45,441 | INFO |__main__ | 63 | Transform_supplier_product_mapping.sql completed successfully
2026-08-11 18:29:45,441 | INFO |__main__ | 54 | Executing Transform_marketing_leads.sql
2026-08-11 18:29:46,185 | INFO |__main__ | 63 | Transform_marketing_leads.sql completed successfully
2026-08-11 18:29:46,186 | INFO |__main__ | 54 | Executing Transform_orders.sql
2026-08-11 18:30:08,896 | INFO |__main__ | 63 | Transform_orders.sql completed successfully
2026-08-11 18:30:08,896 | INFO |__main__ | 54 | Executing Transform_order_items.sql
2026-08-11 18:30:13,345 | INFO |__main__ | 63 | Transform_order_items.sql completed successfully
2026-08-11 18:30:13,345 | INFO |__main__ | 54 | Executing Transform_web_logs.sql
2026-08-11 18:30:19,257 | INFO |__main__ | 63 | Transform_web_logs.sql completed successfully
2026-08-11 18:30:19,259 | INFO |__main__ | 65 | All Intermediate transformations committed successfully.
2026-08-11 19:56:10,286 | INFO |__main__ | 85 | ...........................GENERATING MASTER DATASET..............................
2026-08-11 19:56:15,782 | INFO |__main__ | 442 | Generating all Datasets....
2026-08-11 19:56:15,783 | INFO |__main__ | 149 | Generating Categories.....
2026-08-11 19:56:15,804 | INFO |__main__ | 174 | Generated 10 categories
2026-08-11 19:56:15,804 | INFO |__main__ | 175 | Categories data set generated succesfully
2026-08-11 19:56:15,804 | INFO |__main__ | 176 | Returning Categories Data set....
2026-08-11 19:56:15,805 | INFO |__main__ | 80 | Generating Companies...
2026-08-11 19:56:16,067 | INFO |__main__ | 125 | 
Company Type Distribution:
company_type
Buyer       350
Supplier    150
Name: count, dtype: int64
2026-08-11 19:56:16,067 | INFO |__main__ | 135 | Generated 500 company records successfully!
2026-08-11 19:56:16,067 | INFO |__main__ | 191 | Generating Customers.....
2026-08-11 19:56:18,618 | DEBUG |__main__ | 236 | 
Customers per company:
count    350.000000
mean      45.111429
std       20.752095
min       10.000000
25%       26.000000
50%       45.500000
75%       62.000000
max       80.000000
dtype: float64
2026-08-11 19:56:18,631 | INFO |__main__ | 254 | Generated 15789 customers
2026-08-11 19:56:18,631 | INFO |__main__ | 255 | Customers data set generated succesfully
2026-08-11 19:56:18,632 | INFO |__main__ | 256 | Returning Customers Data set....
2026-08-11 19:56:18,639 | INFO |__main__ | 267 | Generating Products......
2026-08-11 19:56:18,654 | INFO |__main__ | 302 | Starting data validation
2026-08-11 19:56:18,657 | INFO |__main__ | 309 | Generated 96 products
2026-08-11 19:56:18,658 | INFO |__main__ | 310 | Products data set generated succesfully
2026-08-11 19:56:18,658 | INFO |__main__ | 311 | Returning Products Data set....
2026-08-11 19:56:18,658 | INFO |__main__ | 327 | Generating Suppliers.....
2026-08-11 19:56:18,899 | INFO |__main__ | 368 | Generated 150 suppliers
2026-08-11 19:56:18,899 | INFO |__main__ | 369 | Suppliers data set generated succesfully
2026-08-11 19:56:18,899 | INFO |__main__ | 370 | Returning Suppliers Data set....
2026-08-11 19:56:18,899 | INFO |__main__ | 384 | Generating Supplier Product Mapping.....
2026-08-11 19:56:18,924 | INFO |__main__ | 429 | Generated 325 suppliers_product_mappings
2026-08-11 19:56:18,924 | INFO |__main__ | 430 | suppliers_product_mapping data set generated succesfully
2026-08-11 19:56:18,924 | INFO |__main__ | 431 | Returning suppliers_product_mapping Data set....
2026-08-11 19:56:18,925 | INFO |__main__ | 450 | Returning all Datasets....
2026-08-11 19:56:18,925 | INFO |python.generators.load_to_sqlserver | 11 | Loading datasets into SQL Server...
2026-08-11 19:56:18,925 | INFO |python.generators.load_to_sqlserver | 30 | Loading companies into Companies
2026-08-11 19:56:19,696 | INFO |python.generators.load_to_sqlserver | 30 | Loading categories into Categories
2026-08-11 19:56:19,763 | INFO |python.generators.load_to_sqlserver | 30 | Loading customers into Customers
2026-08-11 19:56:25,870 | INFO |python.generators.load_to_sqlserver | 30 | Loading products into Products
2026-08-11 19:56:25,921 | INFO |python.generators.load_to_sqlserver | 30 | Loading suppliers into Suppliers
2026-08-11 19:56:25,957 | INFO |python.generators.load_to_sqlserver | 30 | Loading supplier_product_mapping into Supplier_Product_Mapping
2026-08-11 19:56:26,007 | INFO |python.generators.load_to_sqlserver | 44 | All available datasets loaded successfully
2026-08-11 19:56:30,327 | INFO |__main__ | 88 | ...........................GENERATING TRANSACTIONS DATASET..............................
2026-08-11 19:56:32,030 | INFO |__main__ | 103 | Generating Marketing Leads...
2026-08-11 19:56:45,700 | INFO |__main__ | 151 | 
marketing_leads Type Distribution:
funnel_stage
New            17450
Contacted      12569
Qualified       7569
Proposal        4980
Negotiation     3964
Won             1987
Lost            1481
Name: count, dtype: int64
2026-08-11 19:56:45,738 | INFO |__main__ | 162 | Generated 50000 marketing leads records successfully!
2026-08-11 19:56:45,741 | INFO |__main__ | 163 | 
Industry Distribution:
industry
Technology       5085
Retail           5081
Hospitality      5057
Manufacturing    4993
Finance          4979
Education        4978
Logistics        4974
Healthcare       4968
Construction     4959
Energy           4926
Name: count, dtype: int64
2026-08-11 19:56:45,760 | INFO |__main__ | 424 | Generating Web Logs...
2026-08-11 19:57:04,690 | INFO |__main__ | 475 | Succefully generated weblogs : 75000
2026-08-11 19:57:04,714 | INFO |__main__ | 538 | Fetching required datasets to generate orders and order_items
2026-08-11 19:57:05,163 | INFO |__main__ | 178 | Generating Orders...
2026-08-11 19:57:07,782 | INFO |__main__ | 292 | Orders generation successfull, total no. of orders = 31987
2026-08-11 19:57:07,801 | INFO |__main__ | 301 | Generated 30000 legacy customer orders and 1987 lead-originated orders.
2026-08-11 19:57:07,801 | INFO |__main__ | 302 | orders data set generated succesfully
2026-08-11 19:57:07,803 | INFO |__main__ | 304 | Orders with Lead Attribution: 1987
2026-08-11 19:57:07,804 | INFO |__main__ | 306 | Legacy Customer Orders: 30000
2026-08-11 19:57:07,804 | INFO |__main__ | 308 | Returning Orders Data set....
2026-08-11 19:57:07,820 | INFO |__main__ | 321 | Generating Order Items Leads...
2026-08-11 19:57:09,365 | INFO |__main__ | 375 | Generated 95808 order_items_dataset
2026-08-11 19:57:09,365 | INFO |__main__ | 376 | order items dataset generated succesfully
2026-08-11 19:57:09,365 | INFO |__main__ | 377 | Returning Order Items Dataset....
2026-08-11 19:57:09,394 | INFO |__main__ | 396 | Populating order total in orders table by summing up line totals of order items
2026-08-11 19:57:09,455 | INFO |__main__ | 411 | Order totals populated successfully
2026-08-11 19:57:09,457 | INFO |__main__ | 547 | Returning all Datasets....
2026-08-11 19:57:09,460 | INFO |python.generators.load_to_sqlserver | 11 | Loading datasets into SQL Server...
2026-08-11 19:57:09,461 | INFO |python.generators.load_to_sqlserver | 30 | Loading orders into Orders
2026-08-11 19:57:11,379 | INFO |python.generators.load_to_sqlserver | 30 | Loading order_items into Order_Items
2026-08-11 19:57:18,164 | INFO |python.generators.load_to_sqlserver | 44 | All available datasets loaded successfully
2026-08-11 19:57:18,165 | INFO |__main__ | 491 | Loading Marketing Dataset to File.csv........
2026-08-11 19:57:18,732 | INFO |__main__ | 493 | Successfully loaded Marketing Leads Dataset to File
2026-08-11 19:57:18,732 | INFO |__main__ | 499 | Loading Web Logs Dataset to File.csv........
2026-08-11 19:57:19,275 | INFO |__main__ | 501 | Successfully loaded Web logs Dataset to File
2026-08-11 19:57:22,872 | INFO |__main__ | 91 | ...........................RUNNING SOURCE 1 (SQL SERVER) PIPELINE (LOAD TO STAGGING)..............................
2026-08-11 19:57:23,983 | INFO |python.utils.pipeline_utils | 72 | [sql_server_pipeline] run started, run_id = 16c5c5f2626d490da29b7de5708736e4
2026-08-11 19:57:23,989 | INFO |python.utils.pipeline_utils | 24 | sql_server_pipeline last watermark = None
2026-08-11 19:57:24,073 | INFO |__main__ | 36 | sql_server_pipeline extracted 500 rows from companies
2026-08-11 19:57:24,263 | INFO |__main__ | 36 | sql_server_pipeline extracted 15789 rows from customers
2026-08-11 19:57:24,269 | INFO |__main__ | 36 | sql_server_pipeline extracted 10 rows from categories
2026-08-11 19:57:24,276 | INFO |__main__ | 36 | sql_server_pipeline extracted 150 rows from suppliers
2026-08-11 19:57:24,283 | INFO |__main__ | 36 | sql_server_pipeline extracted 96 rows from products
2026-08-11 19:57:24,293 | INFO |__main__ | 36 | sql_server_pipeline extracted 325 rows from supplier_product_mapping
2026-08-11 19:57:24,611 | INFO |__main__ | 36 | sql_server_pipeline extracted 31987 rows from orders
2026-08-11 19:57:25,877 | INFO |__main__ | 36 | sql_server_pipeline extracted 95808 rows from order_items
2026-08-11 19:57:25,991 | INFO |__main__ | 65 | Loading companies into companies
2026-08-11 19:57:26,038 | INFO |__main__ | 75 | [sql_server_pipeline] loaded 500 rows into staging.companies
2026-08-11 19:57:26,038 | INFO |__main__ | 65 | Loading categories into categories
2026-08-11 19:57:26,043 | INFO |__main__ | 75 | [sql_server_pipeline] loaded 10 rows into staging.categories
2026-08-11 19:57:26,044 | INFO |__main__ | 65 | Loading customers into customers
2026-08-11 19:57:27,306 | INFO |__main__ | 75 | [sql_server_pipeline] loaded 15789 rows into staging.customers
2026-08-11 19:57:27,306 | INFO |__main__ | 65 | Loading products into products
2026-08-11 19:57:27,322 | INFO |__main__ | 75 | [sql_server_pipeline] loaded 96 rows into staging.products
2026-08-11 19:57:27,322 | INFO |__main__ | 65 | Loading suppliers into suppliers
2026-08-11 19:57:27,344 | INFO |__main__ | 75 | [sql_server_pipeline] loaded 150 rows into staging.suppliers
2026-08-11 19:57:27,344 | INFO |__main__ | 65 | Loading supplier_product_mapping into supplier_product_mapping
2026-08-11 19:57:27,374 | INFO |__main__ | 75 | [sql_server_pipeline] loaded 325 rows into staging.supplier_product_mapping
2026-08-11 19:57:27,375 | INFO |__main__ | 65 | Loading orders into orders
2026-08-11 19:57:29,551 | INFO |__main__ | 75 | [sql_server_pipeline] loaded 31987 rows into staging.orders
2026-08-11 19:57:29,551 | INFO |__main__ | 65 | Loading order_items into order_items
2026-08-11 19:57:35,436 | INFO |__main__ | 75 | [sql_server_pipeline] loaded 95808 rows into staging.order_items
2026-08-11 19:57:35,436 | INFO |__main__ | 77 | All available datasets loaded successfully
2026-08-11 19:57:35,442 | INFO |python.utils.pipeline_utils | 48 | sql_server_pipeline watermark updated = 2026-08-11 19:57:09.118832
2026-08-11 19:57:35,446 | INFO |python.utils.pipeline_utils | 106 | [sql_server_pipeline] run 16c5c5f2626d490da29b7de5708736e4 -> completed (extracted rows=144665, loaded rows=144665)
2026-08-11 19:57:38,955 | INFO |__main__ | 94 | ...........................RUNNING SOURCE 2 (MARKETING LEADS) PIPELINE (LOAD TO STAGGING)..............................
2026-08-11 19:57:40,077 | INFO |python.utils.pipeline_utils | 72 | [marketing_leads_pipeline] run started, run_id = aab10aab38a54399ab4949096cc7a2da
2026-08-11 19:57:40,077 | INFO |__main__ | 18 | Extraction started......
2026-08-11 19:57:40,322 | INFO |__main__ | 22 | Succesfully extracted Marketing leads dataset
2026-08-11 19:57:40,322 | INFO |__main__ | 23 | marketing_leads_pipeline extracted 50000 rows from Source 2
2026-08-11 19:57:44,901 | INFO |__main__ | 48 | [marketing_leads_pipeline] loaded 50000 rows into staging.marketing_leads
2026-08-11 19:57:44,905 | INFO |python.utils.pipeline_utils | 106 | [marketing_leads_pipeline] run aab10aab38a54399ab4949096cc7a2da -> completed (extracted rows=50000, loaded rows=50000)
2026-08-11 19:57:44,906 | INFO |__main__ | 89 | marketing_leads_pipeline completed
2026-08-11 19:57:48,140 | INFO |__main__ | 97 | ...........................RUNNING SOURCE 3 (WEB LOGS) PIPELINE (LOAD TO STAGGING)..............................
2026-08-11 19:57:49,360 | INFO |python.utils.pipeline_utils | 72 | [web_logs_pipeline] run started, run_id = a0d8cd87fa164c5c93cf63813edd7244
2026-08-11 19:57:49,360 | INFO |__main__ | 19 | Extraction Started................
2026-08-11 19:57:49,802 | INFO |__main__ | 23 | Succesfully extracted Marketing leads dataset
2026-08-11 19:57:49,802 | INFO |__main__ | 24 | web_logs_pipeline extracted 75000 rows from Source 2
2026-08-11 19:57:49,875 | INFO |__main__ | 36 | Loading Started...........
2026-08-11 19:57:55,923 | INFO |__main__ | 49 | [web_logs_pipeline] loaded 75000 rows into staging.web_logs
2026-08-11 19:57:55,925 | INFO |python.utils.pipeline_utils | 106 | [web_logs_pipeline] run a0d8cd87fa164c5c93cf63813edd7244 -> completed (extracted rows=75000, loaded rows=75000)
2026-08-11 19:57:55,925 | INFO |__main__ | 94 | web_logs_pipeline completed
2026-08-11 19:57:59,298 | INFO |__main__ | 100 | ...........................RUNNING TRANSFORM (LOAD TO INTERMEDIATE)...........................................
2026-08-11 19:57:59,299 | INFO |__main__ | 30 | ...........................TRANSFORMING AND MERGING INTO INTERMEDIATE LAYER..............................
2026-08-11 19:57:59,389 | INFO |__main__ | 54 | Executing Transform_companies.sql
2026-08-11 19:57:59,443 | INFO |__main__ | 63 | Transform_companies.sql completed successfully
2026-08-11 19:57:59,443 | INFO |__main__ | 54 | Executing Transform_categories.sql
2026-08-11 19:57:59,462 | INFO |__main__ | 63 | Transform_categories.sql completed successfully
2026-08-11 19:57:59,462 | INFO |__main__ | 54 | Executing Transform_customers.sql
2026-08-11 19:58:00,037 | INFO |__main__ | 63 | Transform_customers.sql completed successfully
2026-08-11 19:58:00,038 | INFO |__main__ | 54 | Executing Transform_suppliers.sql
2026-08-11 19:58:00,063 | INFO |__main__ | 63 | Transform_suppliers.sql completed successfully
2026-08-11 19:58:00,064 | INFO |__main__ | 54 | Executing Transform_products.sql
2026-08-11 19:58:00,107 | INFO |__main__ | 63 | Transform_products.sql completed successfully
2026-08-11 19:58:00,107 | INFO |__main__ | 54 | Executing Transform_supplier_product_mapping.sql
2026-08-11 19:58:00,149 | INFO |__main__ | 63 | Transform_supplier_product_mapping.sql completed successfully
2026-08-11 19:58:00,149 | INFO |__main__ | 54 | Executing Transform_marketing_leads.sql
2026-08-11 19:58:01,390 | INFO |__main__ | 63 | Transform_marketing_leads.sql completed successfully
2026-08-11 19:58:01,390 | INFO |__main__ | 54 | Executing Transform_orders.sql
2026-08-11 19:58:26,880 | INFO |__main__ | 63 | Transform_orders.sql completed successfully
2026-08-11 19:58:26,881 | INFO |__main__ | 54 | Executing Transform_order_items.sql
2026-08-11 19:58:38,836 | INFO |__main__ | 63 | Transform_order_items.sql completed successfully
2026-08-11 19:58:38,837 | INFO |__main__ | 54 | Executing Transform_web_logs.sql
2026-08-11 19:58:41,985 | INFO |__main__ | 63 | Transform_web_logs.sql completed successfully
2026-08-11 19:58:41,988 | INFO |__main__ | 65 | All Intermediate transformations committed successfully.
2026-08-11 20:00:59,156 | INFO |__main__ | 107 | ...........................GENERATING NEW INCREMENTAL DATASET..............................
2026-08-11 20:01:00,790 | INFO |__main__ | 38 | Daily generator seeded with LIVE_SEED = 1786460460713264500 (logged in metadata.Generation_Seeds)
2026-08-11 20:01:00,795 | INFO |__main__ | 57 | fetching required Datasets....
2026-08-11 20:01:00,982 | INFO |__main__ | 67 | Returning all Datasets....
2026-08-11 20:01:00,982 | INFO |__main__ | 84 | Generating Daily Datasets......
2026-08-11 20:01:00,982 | INFO |python.generators.transaction_generator | 424 | Generating Web Logs...
2026-08-11 20:01:01,329 | INFO |python.generators.transaction_generator | 475 | Succefully generated weblogs : 1140
2026-08-11 20:01:01,329 | INFO |python.generators.transaction_generator | 103 | Generating Marketing Leads...
2026-08-11 20:01:01,344 | INFO |python.generators.transaction_generator | 151 | 
marketing_leads Type Distribution:
funnel_stage
New            9
Contacted      7
Qualified      4
Won            4
Proposal       2
Negotiation    1
Name: count, dtype: int64
2026-08-11 20:01:01,349 | INFO |python.generators.transaction_generator | 162 | Generated 27 marketing leads records successfully!
2026-08-11 20:01:01,353 | INFO |python.generators.transaction_generator | 163 | 
Industry Distribution:
industry
Retail           4
Technology       4
Education        4
Manufacturing    4
Finance          4
Healthcare       3
Construction     2
Hospitality      1
Logistics        1
Name: count, dtype: int64
2026-08-11 20:01:01,353 | INFO |python.generators.transaction_generator | 178 | Generating Orders...
2026-08-11 20:01:01,473 | INFO |python.generators.transaction_generator | 292 | Orders generation successfull, total no. of orders = 46
2026-08-11 20:01:01,474 | INFO |python.generators.transaction_generator | 301 | Generated 42 legacy customer orders and 4 lead-originated orders.
2026-08-11 20:01:01,474 | INFO |python.generators.transaction_generator | 302 | orders data set generated succesfully
2026-08-11 20:01:01,475 | INFO |python.generators.transaction_generator | 304 | Orders with Lead Attribution: 4
2026-08-11 20:01:01,476 | INFO |python.generators.transaction_generator | 306 | Legacy Customer Orders: 42
2026-08-11 20:01:01,476 | INFO |python.generators.transaction_generator | 308 | Returning Orders Data set....
2026-08-11 20:01:01,482 | INFO |python.generators.transaction_generator | 321 | Generating Order Items Leads...
2026-08-11 20:01:01,492 | INFO |python.generators.transaction_generator | 375 | Generated 144 order_items_dataset
2026-08-11 20:01:01,492 | INFO |python.generators.transaction_generator | 376 | order items dataset generated succesfully
2026-08-11 20:01:01,493 | INFO |python.generators.transaction_generator | 377 | Returning Order Items Dataset....
2026-08-11 20:01:01,493 | INFO |python.generators.transaction_generator | 396 | Populating order total in orders table by summing up line totals of order items
2026-08-11 20:01:01,495 | INFO |python.generators.transaction_generator | 411 | Order totals populated successfully
2026-08-11 20:01:01,495 | INFO |__main__ | 103 | Daily Datasets Generated Succesfully!
2026-08-11 20:01:01,495 | INFO |__main__ | 104 | Generated 46 Orders
2026-08-11 20:01:01,496 | INFO |__main__ | 106 | Generated 144 Order Items
2026-08-11 20:01:01,496 | INFO |__main__ | 108 | Generated 27 Leads
2026-08-11 20:01:01,496 | INFO |__main__ | 110 | Generated 1140 Web Logs
2026-08-11 20:01:01,496 | INFO |__main__ | 165 | Loading Daily Datasets into Sources
2026-08-11 20:01:01,501 | INFO |__main__ | 170 | Succesfully loaded daily leads in Source 2
2026-08-11 20:01:01,514 | INFO |__main__ | 175 | Succesfully loaded daily web logs in Source 3
2026-08-11 20:01:01,514 | INFO |python.generators.load_to_sqlserver | 11 | Loading datasets into SQL Server...
2026-08-11 20:01:01,515 | INFO |python.generators.load_to_sqlserver | 30 | Loading orders into Orders
2026-08-11 20:01:01,539 | INFO |python.generators.load_to_sqlserver | 30 | Loading order_items into Order_Items
2026-08-11 20:01:01,569 | INFO |python.generators.load_to_sqlserver | 44 | All available datasets loaded successfully
2026-08-11 20:01:01,569 | INFO |__main__ | 179 | Succesfully loaded new daily orders and its order items in Source 1
2026-08-11 20:01:01,569 | INFO |__main__ | 127 | Generating daily updates....
2026-08-11 20:01:01,569 | INFO |__main__ | 191 | Generating company updates
2026-08-11 20:01:01,628 | INFO |__main__ | 245 | Successfully updated 2 companies
2026-08-11 20:01:01,628 | INFO |__main__ | 255 | Generating customer updates
2026-08-11 20:01:01,765 | INFO |__main__ | 286 | Updating Customers....
2026-08-11 20:01:01,816 | INFO |__main__ | 286 | Updating Customers....
2026-08-11 20:01:01,830 | INFO |__main__ | 286 | Updating Customers....
2026-08-11 20:01:01,845 | INFO |__main__ | 306 | Successfully updated customers
2026-08-11 20:01:01,846 | INFO |__main__ | 316 | Generating orders updates
2026-08-11 20:01:01,897 | INFO |__main__ | 331 | Updating Orders....
2026-08-11 20:01:02,047 | INFO |__main__ | 331 | Updating Orders....
2026-08-11 20:01:02,088 | INFO |__main__ | 331 | Updating Orders....
2026-08-11 20:01:02,126 | INFO |__main__ | 331 | Updating Orders....
2026-08-11 20:01:02,166 | INFO |__main__ | 331 | Updating Orders....
2026-08-11 20:01:02,203 | INFO |__main__ | 342 | Successfully updated Orders
2026-08-11 20:01:02,204 | INFO |__main__ | 352 | Generating leads updates
2026-08-11 20:01:02,837 | INFO |__main__ | 380 | Successfully updated 5 marketing leads
2026-08-11 20:01:02,842 | INFO |__main__ | 398 | Daily ingestion and CDC simulation completed successfully.
2026-08-11 20:01:02,843 | INFO |__main__ | 400 | Daily CDC Summary
----------------------------
New Orders: 46
New Order Items: 144
New Leads: 27
New Web Logs: 1140

Updated Companies: 2
Updated Customers: 3
Updated Orders: 10
Updated Leads: 5
2026-08-11 20:01:03,055 | INFO |__main__ | 110 | ...........................RUNNING SOURCE 1 (SQL SERVER) PIPELINE (LOAD TO STAGGING)..............................
2026-08-11 20:01:04,400 | INFO |python.utils.pipeline_utils | 72 | [sql_server_pipeline] run started, run_id = 63b1b02c8f504f89939d8fc7b509a0ca
2026-08-11 20:01:04,412 | INFO |python.utils.pipeline_utils | 24 | sql_server_pipeline last watermark = 2026-08-11 19:57:09.118832
2026-08-11 20:01:04,520 | INFO |__main__ | 36 | sql_server_pipeline extracted 2 rows from companies
2026-08-11 20:01:04,562 | INFO |__main__ | 36 | sql_server_pipeline extracted 3 rows from customers
2026-08-11 20:01:04,571 | INFO |__main__ | 36 | sql_server_pipeline extracted 0 rows from categories
2026-08-11 20:01:04,581 | INFO |__main__ | 36 | sql_server_pipeline extracted 0 rows from suppliers
2026-08-11 20:01:04,589 | INFO |__main__ | 36 | sql_server_pipeline extracted 0 rows from products
2026-08-11 20:01:04,597 | INFO |__main__ | 36 | sql_server_pipeline extracted 0 rows from supplier_product_mapping
2026-08-11 20:01:04,671 | INFO |__main__ | 36 | sql_server_pipeline extracted 51 rows from orders
2026-08-11 20:01:04,789 | INFO |__main__ | 36 | sql_server_pipeline extracted 144 rows from order_items
2026-08-11 20:01:04,849 | INFO |__main__ | 65 | Loading companies into companies
2026-08-11 20:01:04,889 | INFO |__main__ | 75 | [sql_server_pipeline] loaded 2 rows into staging.companies
2026-08-11 20:01:04,890 | INFO |__main__ | 62 | No rows were extracted
2026-08-11 20:01:04,890 | INFO |__main__ | 65 | Loading customers into customers
2026-08-11 20:01:04,916 | INFO |__main__ | 75 | [sql_server_pipeline] loaded 3 rows into staging.customers
2026-08-11 20:01:04,917 | INFO |__main__ | 62 | No rows were extracted
2026-08-11 20:01:04,917 | INFO |__main__ | 62 | No rows were extracted
2026-08-11 20:01:04,917 | INFO |__main__ | 62 | No rows were extracted
2026-08-11 20:01:04,917 | INFO |__main__ | 65 | Loading orders into orders
2026-08-11 20:01:04,955 | INFO |__main__ | 75 | [sql_server_pipeline] loaded 51 rows into staging.orders
2026-08-11 20:01:04,955 | INFO |__main__ | 65 | Loading order_items into order_items
2026-08-11 20:01:05,010 | INFO |__main__ | 75 | [sql_server_pipeline] loaded 144 rows into staging.order_items
2026-08-11 20:01:05,011 | INFO |__main__ | 77 | All available datasets loaded successfully
2026-08-11 20:01:05,013 | INFO |python.utils.pipeline_utils | 48 | sql_server_pipeline watermark updated = 2026-08-11 20:01:02.167446
2026-08-11 20:01:05,018 | INFO |python.utils.pipeline_utils | 106 | [sql_server_pipeline] run 63b1b02c8f504f89939d8fc7b509a0ca -> completed (extracted rows=200, loaded rows=200)
2026-08-11 20:01:08,469 | INFO |__main__ | 113 | ...........................RUNNING SOURCE 2 (MARKETING LEADS) PIPELINE (LOAD TO STAGGING)..............................
2026-08-11 20:01:09,512 | INFO |python.utils.pipeline_utils | 72 | [marketing_leads_pipeline] run started, run_id = 1118d9349ecd41f7a768f7380342fd89
2026-08-11 20:01:09,512 | INFO |__main__ | 18 | Extraction started......
2026-08-11 20:01:09,725 | INFO |__main__ | 22 | Succesfully extracted Marketing leads dataset
2026-08-11 20:01:09,726 | INFO |__main__ | 23 | marketing_leads_pipeline extracted 50027 rows from Source 2
2026-08-11 20:01:13,513 | INFO |__main__ | 48 | [marketing_leads_pipeline] loaded 50027 rows into staging.marketing_leads
2026-08-11 20:01:13,517 | INFO |python.utils.pipeline_utils | 106 | [marketing_leads_pipeline] run 1118d9349ecd41f7a768f7380342fd89 -> completed (extracted rows=50027, loaded rows=50027)
2026-08-11 20:01:13,518 | INFO |__main__ | 89 | marketing_leads_pipeline completed
2026-08-11 20:01:16,871 | INFO |__main__ | 116 | ...........................RUNNING SOURCE 3 (WEB LOGS) PIPELINE (LOAD TO STAGGING)..............................
2026-08-11 20:01:17,887 | INFO |python.utils.pipeline_utils | 72 | [web_logs_pipeline] run started, run_id = 9716d53faa0f400cad79754b2de5c00f
2026-08-11 20:01:17,887 | INFO |__main__ | 19 | Extraction Started................
2026-08-11 20:01:18,238 | INFO |__main__ | 23 | Succesfully extracted Marketing leads dataset
2026-08-11 20:01:18,238 | INFO |__main__ | 24 | web_logs_pipeline extracted 76140 rows from Source 2
2026-08-11 20:01:18,303 | INFO |__main__ | 36 | Loading Started...........
2026-08-11 20:01:23,380 | INFO |__main__ | 49 | [web_logs_pipeline] loaded 76140 rows into staging.web_logs
2026-08-11 20:01:23,383 | INFO |python.utils.pipeline_utils | 106 | [web_logs_pipeline] run 9716d53faa0f400cad79754b2de5c00f -> completed (extracted rows=76140, loaded rows=76140)
2026-08-11 20:01:23,383 | INFO |__main__ | 94 | web_logs_pipeline completed
2026-08-11 20:01:26,684 | INFO |__main__ | 119 | ...........................RUNNING TRANSFORM (LOAD TO INTERMEDIATE)...........................................
2026-08-11 20:01:26,684 | INFO |__main__ | 30 | ...........................TRANSFORMING AND MERGING INTO INTERMEDIATE LAYER..............................
2026-08-11 20:01:26,769 | INFO |__main__ | 54 | Executing Transform_companies.sql
2026-08-11 20:01:26,827 | INFO |__main__ | 63 | Transform_companies.sql completed successfully
2026-08-11 20:01:26,827 | INFO |__main__ | 54 | Executing Transform_categories.sql
2026-08-11 20:01:26,836 | INFO |__main__ | 63 | Transform_categories.sql completed successfully
2026-08-11 20:01:26,836 | INFO |__main__ | 54 | Executing Transform_customers.sql
2026-08-11 20:01:27,116 | INFO |__main__ | 63 | Transform_customers.sql completed successfully
2026-08-11 20:01:27,116 | INFO |__main__ | 54 | Executing Transform_suppliers.sql
2026-08-11 20:01:27,123 | INFO |__main__ | 63 | Transform_suppliers.sql completed successfully
2026-08-11 20:01:27,124 | INFO |__main__ | 54 | Executing Transform_products.sql
2026-08-11 20:01:27,133 | INFO |__main__ | 63 | Transform_products.sql completed successfully
2026-08-11 20:01:27,134 | INFO |__main__ | 54 | Executing Transform_supplier_product_mapping.sql
2026-08-11 20:01:27,143 | INFO |__main__ | 63 | Transform_supplier_product_mapping.sql completed successfully
2026-08-11 20:01:27,143 | INFO |__main__ | 54 | Executing Transform_marketing_leads.sql
2026-08-11 20:01:27,819 | INFO |__main__ | 63 | Transform_marketing_leads.sql completed successfully
2026-08-11 20:01:27,819 | INFO |__main__ | 54 | Executing Transform_orders.sql
2026-08-11 20:01:50,158 | INFO |__main__ | 63 | Transform_orders.sql completed successfully
2026-08-11 20:01:50,158 | INFO |__main__ | 54 | Executing Transform_order_items.sql
2026-08-11 20:01:54,783 | INFO |__main__ | 63 | Transform_order_items.sql completed successfully
2026-08-11 20:01:54,783 | INFO |__main__ | 54 | Executing Transform_web_logs.sql
2026-08-11 20:02:00,533 | INFO |__main__ | 63 | Transform_web_logs.sql completed successfully
2026-08-11 20:02:00,544 | INFO |__main__ | 65 | All Intermediate transformations committed successfully.
2026-08-11 20:10:20,738 | INFO |__main__ | 107 | ...........................GENERATING NEW INCREMENTAL DATASET..............................
2026-08-11 20:10:22,652 | INFO |__main__ | 38 | Daily generator seeded with LIVE_SEED = 1786461022458832700 (logged in metadata.Generation_Seeds)
2026-08-11 20:10:22,658 | INFO |__main__ | 57 | fetching required Datasets....
2026-08-11 20:10:22,961 | INFO |__main__ | 67 | Returning all Datasets....
2026-08-11 20:10:22,962 | INFO |__main__ | 84 | Generating Daily Datasets......
2026-08-11 20:10:22,962 | INFO |python.generators.transaction_generator | 424 | Generating Web Logs...
2026-08-11 20:10:23,201 | INFO |python.generators.transaction_generator | 475 | Succefully generated weblogs : 963
2026-08-11 20:10:23,202 | INFO |python.generators.transaction_generator | 103 | Generating Marketing Leads...
2026-08-11 20:10:23,211 | INFO |python.generators.transaction_generator | 151 | 
marketing_leads Type Distribution:
funnel_stage
New            6
Negotiation    5
Contacted      4
Proposal       2
Qualified      2
Name: count, dtype: int64
2026-08-11 20:10:23,212 | INFO |python.generators.transaction_generator | 162 | Generated 19 marketing leads records successfully!
2026-08-11 20:10:23,213 | INFO |python.generators.transaction_generator | 163 | 
Industry Distribution:
industry
Technology       5
Education        3
Retail           3
Logistics        2
Construction     2
Hospitality      1
Finance          1
Energy           1
Manufacturing    1
Name: count, dtype: int64
2026-08-11 20:10:23,214 | INFO |python.generators.transaction_generator | 178 | Generating Orders...
2026-08-11 20:10:23,339 | INFO |python.generators.transaction_generator | 292 | Orders generation successfull, total no. of orders = 43
2026-08-11 20:10:23,342 | INFO |python.generators.transaction_generator | 301 | Generated 43 legacy customer orders and 0 lead-originated orders.
2026-08-11 20:10:23,343 | INFO |python.generators.transaction_generator | 302 | orders data set generated succesfully
2026-08-11 20:10:23,344 | INFO |python.generators.transaction_generator | 304 | Orders with Lead Attribution: 0
2026-08-11 20:10:23,344 | INFO |python.generators.transaction_generator | 306 | Legacy Customer Orders: 43
2026-08-11 20:10:23,345 | INFO |python.generators.transaction_generator | 308 | Returning Orders Data set....
2026-08-11 20:10:23,351 | INFO |python.generators.transaction_generator | 321 | Generating Order Items Leads...
2026-08-11 20:10:23,359 | INFO |python.generators.transaction_generator | 375 | Generated 128 order_items_dataset
2026-08-11 20:10:23,360 | INFO |python.generators.transaction_generator | 376 | order items dataset generated succesfully
2026-08-11 20:10:23,360 | INFO |python.generators.transaction_generator | 377 | Returning Order Items Dataset....
2026-08-11 20:10:23,360 | INFO |python.generators.transaction_generator | 396 | Populating order total in orders table by summing up line totals of order items
2026-08-11 20:10:23,362 | INFO |python.generators.transaction_generator | 411 | Order totals populated successfully
2026-08-11 20:10:23,363 | INFO |__main__ | 103 | Daily Datasets Generated Succesfully!
2026-08-11 20:10:23,363 | INFO |__main__ | 104 | Generated 43 Orders
2026-08-11 20:10:23,363 | INFO |__main__ | 106 | Generated 128 Order Items
2026-08-11 20:10:23,363 | INFO |__main__ | 108 | Generated 19 Leads
2026-08-11 20:10:23,363 | INFO |__main__ | 110 | Generated 963 Web Logs
2026-08-11 20:10:23,363 | INFO |__main__ | 165 | Loading Daily Datasets into Sources
2026-08-11 20:10:23,367 | INFO |__main__ | 170 | Succesfully loaded daily leads in Source 2
2026-08-11 20:10:23,378 | INFO |__main__ | 175 | Succesfully loaded daily web logs in Source 3
2026-08-11 20:10:23,378 | INFO |python.generators.load_to_sqlserver | 11 | Loading datasets into SQL Server...
2026-08-11 20:10:23,379 | INFO |python.generators.load_to_sqlserver | 30 | Loading orders into Orders
2026-08-11 20:10:23,429 | INFO |python.generators.load_to_sqlserver | 30 | Loading order_items into Order_Items
2026-08-11 20:10:23,466 | INFO |python.generators.load_to_sqlserver | 44 | All available datasets loaded successfully
2026-08-11 20:10:23,466 | INFO |__main__ | 179 | Succesfully loaded new daily orders and its order items in Source 1
2026-08-11 20:10:23,467 | INFO |__main__ | 127 | Generating daily updates....
2026-08-11 20:10:23,467 | INFO |__main__ | 191 | Generating company updates
2026-08-11 20:10:23,490 | INFO |__main__ | 245 | Successfully updated 2 companies
2026-08-11 20:10:23,490 | INFO |__main__ | 255 | Generating customer updates
2026-08-11 20:10:23,554 | INFO |__main__ | 286 | Updating Customers....
2026-08-11 20:10:23,570 | INFO |__main__ | 286 | Updating Customers....
2026-08-11 20:10:23,585 | INFO |__main__ | 286 | Updating Customers....
2026-08-11 20:10:23,601 | INFO |__main__ | 286 | Updating Customers....
2026-08-11 20:10:23,616 | INFO |__main__ | 286 | Updating Customers....
2026-08-11 20:10:23,630 | INFO |__main__ | 306 | Successfully updated customers
2026-08-11 20:10:23,630 | INFO |__main__ | 316 | Generating orders updates
2026-08-11 20:10:23,680 | INFO |__main__ | 331 | Updating Orders....
2026-08-11 20:10:23,726 | INFO |__main__ | 331 | Updating Orders....
2026-08-11 20:10:23,764 | INFO |__main__ | 331 | Updating Orders....
2026-08-11 20:10:23,806 | INFO |__main__ | 331 | Updating Orders....
2026-08-11 20:10:23,847 | INFO |__main__ | 331 | Updating Orders....
2026-08-11 20:10:23,889 | INFO |__main__ | 342 | Successfully updated Orders
2026-08-11 20:10:23,889 | INFO |__main__ | 352 | Generating leads updates
2026-08-11 20:10:24,445 | INFO |__main__ | 380 | Successfully updated 6 marketing leads
2026-08-11 20:10:24,449 | INFO |__main__ | 398 | Daily ingestion and CDC simulation completed successfully.
2026-08-11 20:10:24,450 | INFO |__main__ | 400 | Daily CDC Summary
----------------------------
New Orders: 43
New Order Items: 128
New Leads: 19
New Web Logs: 963

Updated Companies: 2
Updated Customers: 5
Updated Orders: 6
Updated Leads: 6
2026-08-11 20:10:24,616 | INFO |__main__ | 110 | ...........................RUNNING SOURCE 1 (SQL SERVER) PIPELINE (LOAD TO STAGGING)..............................
2026-08-11 20:10:25,773 | INFO |python.utils.pipeline_utils | 72 | [sql_server_pipeline] run started, run_id = 58cae826e030426483b4d18976e0521a
2026-08-11 20:10:25,776 | INFO |python.utils.pipeline_utils | 24 | sql_server_pipeline last watermark = 2026-08-11 20:01:02.167446
2026-08-11 20:10:25,830 | INFO |__main__ | 36 | sql_server_pipeline extracted 2 rows from companies
2026-08-11 20:10:25,840 | INFO |__main__ | 36 | sql_server_pipeline extracted 5 rows from customers
2026-08-11 20:10:25,844 | INFO |__main__ | 36 | sql_server_pipeline extracted 0 rows from categories
2026-08-11 20:10:25,850 | INFO |__main__ | 36 | sql_server_pipeline extracted 0 rows from suppliers
2026-08-11 20:10:25,856 | INFO |__main__ | 36 | sql_server_pipeline extracted 0 rows from products
2026-08-11 20:10:25,859 | INFO |__main__ | 36 | sql_server_pipeline extracted 0 rows from supplier_product_mapping
2026-08-11 20:10:25,871 | INFO |__main__ | 36 | sql_server_pipeline extracted 48 rows from orders
2026-08-11 20:10:25,896 | INFO |__main__ | 36 | sql_server_pipeline extracted 128 rows from order_items
2026-08-11 20:10:25,936 | INFO |__main__ | 65 | Loading companies into companies
2026-08-11 20:10:25,952 | INFO |__main__ | 75 | [sql_server_pipeline] loaded 2 rows into staging.companies
2026-08-11 20:10:25,953 | INFO |__main__ | 62 | No rows were extracted
2026-08-11 20:10:25,953 | INFO |__main__ | 65 | Loading customers into customers
2026-08-11 20:10:25,963 | INFO |__main__ | 75 | [sql_server_pipeline] loaded 5 rows into staging.customers
2026-08-11 20:10:25,963 | INFO |__main__ | 62 | No rows were extracted
2026-08-11 20:10:25,963 | INFO |__main__ | 62 | No rows were extracted
2026-08-11 20:10:25,964 | INFO |__main__ | 62 | No rows were extracted
2026-08-11 20:10:25,964 | INFO |__main__ | 65 | Loading orders into orders
2026-08-11 20:10:25,983 | INFO |__main__ | 75 | [sql_server_pipeline] loaded 48 rows into staging.orders
2026-08-11 20:10:25,984 | INFO |__main__ | 65 | Loading order_items into order_items
2026-08-11 20:10:26,007 | INFO |__main__ | 75 | [sql_server_pipeline] loaded 128 rows into staging.order_items
2026-08-11 20:10:26,007 | INFO |__main__ | 77 | All available datasets loaded successfully
2026-08-11 20:10:26,010 | INFO |python.utils.pipeline_utils | 48 | sql_server_pipeline watermark updated = 2026-08-11 20:10:23.848593
2026-08-11 20:10:26,013 | INFO |python.utils.pipeline_utils | 106 | [sql_server_pipeline] run 58cae826e030426483b4d18976e0521a -> completed (extracted rows=183, loaded rows=183)
2026-08-11 20:10:29,572 | INFO |__main__ | 113 | ...........................RUNNING SOURCE 2 (MARKETING LEADS) PIPELINE (LOAD TO STAGGING)..............................
2026-08-11 20:10:30,820 | INFO |python.utils.pipeline_utils | 72 | [marketing_leads_pipeline] run started, run_id = fccd2f53b52048bb917a75fbbd13d35b
2026-08-11 20:10:30,820 | INFO |__main__ | 18 | Extraction started......
2026-08-11 20:10:31,073 | INFO |__main__ | 22 | Succesfully extracted Marketing leads dataset
2026-08-11 20:10:31,073 | INFO |__main__ | 23 | marketing_leads_pipeline extracted 50046 rows from Source 2
2026-08-11 20:10:34,774 | INFO |__main__ | 48 | [marketing_leads_pipeline] loaded 50046 rows into staging.marketing_leads
2026-08-11 20:10:34,777 | INFO |python.utils.pipeline_utils | 106 | [marketing_leads_pipeline] run fccd2f53b52048bb917a75fbbd13d35b -> completed (extracted rows=50046, loaded rows=50046)
2026-08-11 20:10:34,777 | INFO |__main__ | 89 | marketing_leads_pipeline completed
2026-08-11 20:10:38,032 | INFO |__main__ | 116 | ...........................RUNNING SOURCE 3 (WEB LOGS) PIPELINE (LOAD TO STAGGING)..............................
2026-08-11 20:10:39,126 | INFO |python.utils.pipeline_utils | 72 | [web_logs_pipeline] run started, run_id = 0c003129009748ada3d95d033e1dc0c4
2026-08-11 20:10:39,126 | INFO |__main__ | 19 | Extraction Started................
2026-08-11 20:10:39,481 | INFO |__main__ | 23 | Succesfully extracted Marketing leads dataset
2026-08-11 20:10:39,481 | INFO |__main__ | 24 | web_logs_pipeline extracted 77103 rows from Source 2
2026-08-11 20:10:39,568 | INFO |__main__ | 36 | Loading Started...........
2026-08-11 20:10:44,992 | INFO |__main__ | 49 | [web_logs_pipeline] loaded 77103 rows into staging.web_logs
2026-08-11 20:10:44,995 | INFO |python.utils.pipeline_utils | 106 | [web_logs_pipeline] run 0c003129009748ada3d95d033e1dc0c4 -> completed (extracted rows=77103, loaded rows=77103)
2026-08-11 20:10:44,996 | INFO |__main__ | 94 | web_logs_pipeline completed
2026-08-11 20:10:48,226 | INFO |__main__ | 119 | ...........................RUNNING TRANSFORM (LOAD TO INTERMEDIATE)...........................................
2026-08-11 20:10:48,226 | INFO |__main__ | 30 | ...........................TRANSFORMING AND MERGING INTO INTERMEDIATE LAYER..............................
2026-08-11 20:10:48,278 | INFO |__main__ | 54 | Executing Transform_companies.sql
2026-08-11 20:10:48,298 | INFO |__main__ | 63 | Transform_companies.sql completed successfully
2026-08-11 20:10:48,299 | INFO |__main__ | 54 | Executing Transform_categories.sql
2026-08-11 20:10:48,306 | INFO |__main__ | 63 | Transform_categories.sql completed successfully
2026-08-11 20:10:48,306 | INFO |__main__ | 54 | Executing Transform_customers.sql
2026-08-11 20:10:48,567 | INFO |__main__ | 63 | Transform_customers.sql completed successfully
2026-08-11 20:10:48,567 | INFO |__main__ | 54 | Executing Transform_suppliers.sql
2026-08-11 20:10:48,575 | INFO |__main__ | 63 | Transform_suppliers.sql completed successfully
2026-08-11 20:10:48,576 | INFO |__main__ | 54 | Executing Transform_products.sql
2026-08-11 20:10:48,584 | INFO |__main__ | 63 | Transform_products.sql completed successfully
2026-08-11 20:10:48,585 | INFO |__main__ | 54 | Executing Transform_supplier_product_mapping.sql
2026-08-11 20:10:48,598 | INFO |__main__ | 63 | Transform_supplier_product_mapping.sql completed successfully
2026-08-11 20:10:48,598 | INFO |__main__ | 54 | Executing Transform_marketing_leads.sql
2026-08-11 20:10:49,295 | INFO |__main__ | 63 | Transform_marketing_leads.sql completed successfully
2026-08-11 20:10:49,296 | INFO |__main__ | 54 | Executing Transform_orders.sql
2026-08-11 20:10:59,843 | INFO |__main__ | 63 | Transform_orders.sql completed successfully
2026-08-11 20:10:59,843 | INFO |__main__ | 54 | Executing Transform_order_items.sql
2026-08-11 20:11:04,561 | INFO |__main__ | 63 | Transform_order_items.sql completed successfully
2026-08-11 20:11:04,561 | INFO |__main__ | 54 | Executing Transform_web_logs.sql
2026-08-11 20:11:09,974 | INFO |__main__ | 63 | Transform_web_logs.sql completed successfully
2026-08-11 20:11:09,979 | INFO |__main__ | 65 | All Intermediate transformations committed successfully.
2026-08-11 20:18:08,954 | INFO |__main__ | 107 | ...........................GENERATING NEW INCREMENTAL DATASET..............................
2026-08-11 20:18:10,580 | INFO |__main__ | 38 | Daily generator seeded with LIVE_SEED = 1786461490334455800 (logged in metadata.Generation_Seeds)
2026-08-11 20:18:10,580 | INFO |__main__ | 57 | fetching required Datasets....
2026-08-11 20:18:10,813 | INFO |__main__ | 67 | Returning all Datasets....
2026-08-11 20:18:10,814 | INFO |__main__ | 84 | Generating Daily Datasets......
2026-08-11 20:18:10,814 | INFO |python.generators.transaction_generator | 424 | Generating Web Logs...
2026-08-11 20:18:11,052 | INFO |python.generators.transaction_generator | 475 | Succefully generated weblogs : 982
2026-08-11 20:18:11,052 | INFO |python.generators.transaction_generator | 103 | Generating Marketing Leads...
2026-08-11 20:18:11,060 | INFO |python.generators.transaction_generator | 151 | 
marketing_leads Type Distribution:
funnel_stage
New            6
Contacted      5
Proposal       3
Negotiation    1
Name: count, dtype: int64
2026-08-11 20:18:11,061 | INFO |python.generators.transaction_generator | 162 | Generated 15 marketing leads records successfully!
2026-08-11 20:18:11,063 | INFO |python.generators.transaction_generator | 163 | 
Industry Distribution:
industry
Construction     3
Education        3
Healthcare       3
Energy           2
Retail           2
Manufacturing    1
Finance          1
Name: count, dtype: int64
2026-08-11 20:18:11,063 | INFO |python.generators.transaction_generator | 178 | Generating Orders...
2026-08-11 20:18:11,213 | INFO |python.generators.transaction_generator | 292 | Orders generation successfull, total no. of orders = 44
2026-08-11 20:18:11,215 | INFO |python.generators.transaction_generator | 301 | Generated 44 legacy customer orders and 0 lead-originated orders.
2026-08-11 20:18:11,216 | INFO |python.generators.transaction_generator | 302 | orders data set generated succesfully
2026-08-11 20:18:11,216 | INFO |python.generators.transaction_generator | 304 | Orders with Lead Attribution: 0
2026-08-11 20:18:11,217 | INFO |python.generators.transaction_generator | 306 | Legacy Customer Orders: 44
2026-08-11 20:18:11,217 | INFO |python.generators.transaction_generator | 308 | Returning Orders Data set....
2026-08-11 20:18:11,223 | INFO |python.generators.transaction_generator | 321 | Generating Order Items Leads...
2026-08-11 20:18:11,229 | INFO |python.generators.transaction_generator | 375 | Generated 139 order_items_dataset
2026-08-11 20:18:11,229 | INFO |python.generators.transaction_generator | 376 | order items dataset generated succesfully
2026-08-11 20:18:11,229 | INFO |python.generators.transaction_generator | 377 | Returning Order Items Dataset....
2026-08-11 20:18:11,229 | INFO |python.generators.transaction_generator | 396 | Populating order total in orders table by summing up line totals of order items
2026-08-11 20:18:11,234 | INFO |python.generators.transaction_generator | 411 | Order totals populated successfully
2026-08-11 20:18:11,234 | INFO |__main__ | 103 | Daily Datasets Generated Succesfully!
2026-08-11 20:18:11,234 | INFO |__main__ | 104 | Generated 44 Orders
2026-08-11 20:18:11,234 | INFO |__main__ | 106 | Generated 139 Order Items
2026-08-11 20:18:11,234 | INFO |__main__ | 108 | Generated 15 Leads
2026-08-11 20:18:11,235 | INFO |__main__ | 110 | Generated 982 Web Logs
2026-08-11 20:18:11,235 | INFO |__main__ | 165 | Loading Daily Datasets into Sources
2026-08-11 20:18:11,239 | INFO |__main__ | 170 | Succesfully loaded daily leads in Source 2
2026-08-11 20:18:11,249 | INFO |__main__ | 175 | Succesfully loaded daily web logs in Source 3
2026-08-11 20:18:11,249 | INFO |python.generators.load_to_sqlserver | 11 | Loading datasets into SQL Server...
2026-08-11 20:18:11,249 | INFO |python.generators.load_to_sqlserver | 30 | Loading orders into Orders
2026-08-11 20:18:11,328 | INFO |python.generators.load_to_sqlserver | 30 | Loading order_items into Order_Items
2026-08-11 20:18:11,378 | INFO |python.generators.load_to_sqlserver | 44 | All available datasets loaded successfully
2026-08-11 20:18:11,378 | INFO |__main__ | 179 | Succesfully loaded new daily orders and its order items in Source 1
2026-08-11 20:18:11,378 | INFO |__main__ | 127 | Generating daily updates....
2026-08-11 20:18:11,378 | INFO |__main__ | 191 | Generating company updates
2026-08-11 20:18:11,409 | INFO |__main__ | 245 | Successfully updated 2 companies
2026-08-11 20:18:11,410 | INFO |__main__ | 255 | Generating customer updates
2026-08-11 20:18:11,467 | INFO |__main__ | 286 | Updating Customers....
2026-08-11 20:18:11,498 | INFO |__main__ | 286 | Updating Customers....
2026-08-11 20:18:11,507 | INFO |__main__ | 286 | Updating Customers....
2026-08-11 20:18:11,527 | INFO |__main__ | 286 | Updating Customers....
2026-08-11 20:18:11,543 | INFO |__main__ | 286 | Updating Customers....
2026-08-11 20:18:11,557 | INFO |__main__ | 306 | Successfully updated customers
2026-08-11 20:18:11,558 | INFO |__main__ | 316 | Generating orders updates
2026-08-11 20:18:11,650 | INFO |__main__ | 331 | Updating Orders....
2026-08-11 20:18:11,724 | INFO |__main__ | 342 | Successfully updated Orders
2026-08-11 20:18:11,724 | INFO |__main__ | 352 | Generating leads updates
2026-08-11 20:18:12,280 | INFO |__main__ | 380 | Successfully updated 7 marketing leads
2026-08-11 20:18:12,288 | INFO |__main__ | 398 | Daily ingestion and CDC simulation completed successfully.
2026-08-11 20:18:12,288 | INFO |__main__ | 400 | Daily CDC Summary
----------------------------
New Orders: 44
New Order Items: 139
New Leads: 15
New Web Logs: 982

Updated Companies: 2
Updated Customers: 5
Updated Orders: 5
Updated Leads: 7
2026-08-11 20:18:12,439 | INFO |__main__ | 110 | ...........................RUNNING SOURCE 1 (SQL SERVER) PIPELINE (LOAD TO STAGGING)..............................
2026-08-11 20:18:13,515 | INFO |python.utils.pipeline_utils | 72 | [sql_server_pipeline] run started, run_id = 2e14e5d2e43b4fb48395671cba8cd43c
2026-08-11 20:18:13,521 | INFO |python.utils.pipeline_utils | 24 | sql_server_pipeline last watermark = 2026-08-11 20:10:23.848593
2026-08-11 20:18:13,584 | INFO |__main__ | 36 | sql_server_pipeline extracted 2 rows from companies
2026-08-11 20:18:13,594 | INFO |__main__ | 36 | sql_server_pipeline extracted 5 rows from customers
2026-08-11 20:18:13,601 | INFO |__main__ | 36 | sql_server_pipeline extracted 0 rows from categories
2026-08-11 20:18:13,608 | INFO |__main__ | 36 | sql_server_pipeline extracted 0 rows from suppliers
2026-08-11 20:18:13,615 | INFO |__main__ | 36 | sql_server_pipeline extracted 0 rows from products
2026-08-11 20:18:13,625 | INFO |__main__ | 36 | sql_server_pipeline extracted 0 rows from supplier_product_mapping
2026-08-11 20:18:13,639 | INFO |__main__ | 36 | sql_server_pipeline extracted 45 rows from orders
2026-08-11 20:18:13,719 | INFO |__main__ | 36 | sql_server_pipeline extracted 139 rows from order_items
2026-08-11 20:18:13,762 | INFO |__main__ | 65 | Loading companies into companies
2026-08-11 20:18:13,783 | INFO |__main__ | 75 | [sql_server_pipeline] loaded 2 rows into staging.companies
2026-08-11 20:18:13,783 | INFO |__main__ | 62 | No rows were extracted
2026-08-11 20:18:13,784 | INFO |__main__ | 65 | Loading customers into customers
2026-08-11 20:18:13,790 | INFO |__main__ | 75 | [sql_server_pipeline] loaded 5 rows into staging.customers
2026-08-11 20:18:13,790 | INFO |__main__ | 62 | No rows were extracted
2026-08-11 20:18:13,790 | INFO |__main__ | 62 | No rows were extracted
2026-08-11 20:18:13,790 | INFO |__main__ | 62 | No rows were extracted
2026-08-11 20:18:13,791 | INFO |__main__ | 65 | Loading orders into orders
2026-08-11 20:18:13,801 | INFO |__main__ | 75 | [sql_server_pipeline] loaded 45 rows into staging.orders
2026-08-11 20:18:13,801 | INFO |__main__ | 65 | Loading order_items into order_items
2026-08-11 20:18:13,832 | INFO |__main__ | 75 | [sql_server_pipeline] loaded 139 rows into staging.order_items
2026-08-11 20:18:13,832 | INFO |__main__ | 77 | All available datasets loaded successfully
2026-08-11 20:18:13,835 | INFO |python.utils.pipeline_utils | 48 | sql_server_pipeline watermark updated = 2026-08-11 20:18:11.650464
2026-08-11 20:18:13,838 | INFO |python.utils.pipeline_utils | 106 | [sql_server_pipeline] run 2e14e5d2e43b4fb48395671cba8cd43c -> completed (extracted rows=191, loaded rows=191)
2026-08-11 20:18:17,593 | INFO |__main__ | 113 | ...........................RUNNING SOURCE 2 (MARKETING LEADS) PIPELINE (LOAD TO STAGGING)..............................
2026-08-11 20:18:18,676 | INFO |python.utils.pipeline_utils | 72 | [marketing_leads_pipeline] run started, run_id = 1a5ba46418b74b2dbdca525198ba31a6
2026-08-11 20:18:18,676 | INFO |__main__ | 18 | Extraction started......
2026-08-11 20:18:18,887 | INFO |__main__ | 22 | Succesfully extracted Marketing leads dataset
2026-08-11 20:18:18,888 | INFO |__main__ | 23 | marketing_leads_pipeline extracted 50061 rows from Source 2
2026-08-11 20:18:22,659 | INFO |__main__ | 48 | [marketing_leads_pipeline] loaded 50061 rows into staging.marketing_leads
2026-08-11 20:18:22,662 | INFO |python.utils.pipeline_utils | 106 | [marketing_leads_pipeline] run 1a5ba46418b74b2dbdca525198ba31a6 -> completed (extracted rows=50061, loaded rows=50061)
2026-08-11 20:18:22,662 | INFO |__main__ | 89 | marketing_leads_pipeline completed
2026-08-11 20:18:25,921 | INFO |__main__ | 116 | ...........................RUNNING SOURCE 3 (WEB LOGS) PIPELINE (LOAD TO STAGGING)..............................
2026-08-11 20:18:27,041 | INFO |python.utils.pipeline_utils | 72 | [web_logs_pipeline] run started, run_id = ea07e4268784434c840f5b04fe75c4a5
2026-08-11 20:18:27,041 | INFO |__main__ | 19 | Extraction Started................
2026-08-11 20:18:27,379 | INFO |__main__ | 23 | Succesfully extracted Marketing leads dataset
2026-08-11 20:18:27,379 | INFO |__main__ | 24 | web_logs_pipeline extracted 78085 rows from Source 2
2026-08-11 20:18:27,447 | INFO |__main__ | 36 | Loading Started...........
2026-08-11 20:18:32,922 | INFO |__main__ | 49 | [web_logs_pipeline] loaded 78085 rows into staging.web_logs
2026-08-11 20:18:32,926 | INFO |python.utils.pipeline_utils | 106 | [web_logs_pipeline] run ea07e4268784434c840f5b04fe75c4a5 -> completed (extracted rows=78085, loaded rows=78085)
2026-08-11 20:18:32,927 | INFO |__main__ | 94 | web_logs_pipeline completed
2026-08-11 20:18:36,240 | INFO |__main__ | 119 | ...........................RUNNING TRANSFORM (LOAD TO INTERMEDIATE)...........................................
2026-08-11 20:18:36,240 | INFO |__main__ | 30 | ...........................TRANSFORMING AND MERGING INTO INTERMEDIATE LAYER..............................
2026-08-11 20:18:36,299 | INFO |__main__ | 54 | Executing Transform_companies.sql
2026-08-11 20:18:36,319 | INFO |__main__ | 63 | Transform_companies.sql completed successfully
2026-08-11 20:18:36,319 | INFO |__main__ | 54 | Executing Transform_categories.sql
2026-08-11 20:18:36,326 | INFO |__main__ | 63 | Transform_categories.sql completed successfully
2026-08-11 20:18:36,326 | INFO |__main__ | 54 | Executing Transform_customers.sql
2026-08-11 20:18:36,568 | INFO |__main__ | 63 | Transform_customers.sql completed successfully
2026-08-11 20:18:36,568 | INFO |__main__ | 54 | Executing Transform_suppliers.sql
2026-08-11 20:18:36,577 | INFO |__main__ | 63 | Transform_suppliers.sql completed successfully
2026-08-11 20:18:36,577 | INFO |__main__ | 54 | Executing Transform_products.sql
2026-08-11 20:18:36,585 | INFO |__main__ | 63 | Transform_products.sql completed successfully
2026-08-11 20:18:36,586 | INFO |__main__ | 54 | Executing Transform_supplier_product_mapping.sql
2026-08-11 20:18:36,594 | INFO |__main__ | 63 | Transform_supplier_product_mapping.sql completed successfully
2026-08-11 20:18:36,594 | INFO |__main__ | 54 | Executing Transform_marketing_leads.sql
2026-08-11 20:18:37,270 | INFO |__main__ | 63 | Transform_marketing_leads.sql completed successfully
2026-08-11 20:18:37,270 | INFO |__main__ | 54 | Executing Transform_orders.sql
2026-08-11 20:18:46,878 | INFO |__main__ | 63 | Transform_orders.sql completed successfully
2026-08-11 20:18:46,878 | INFO |__main__ | 54 | Executing Transform_order_items.sql
2026-08-11 20:18:51,594 | INFO |__main__ | 63 | Transform_order_items.sql completed successfully
2026-08-11 20:18:51,594 | INFO |__main__ | 54 | Executing Transform_web_logs.sql
2026-08-11 20:18:57,015 | INFO |__main__ | 63 | Transform_web_logs.sql completed successfully
2026-08-11 20:18:57,021 | INFO |__main__ | 65 | All Intermediate transformations committed successfully.
